Workbook
Name Slicer_Dept_cleaned1: #N/A
Name Slicer_Performance_Category_calculated: #N/A

Sheet Data_preprocessing
A1: Name | B1: Age | C1: Salary | D1: Gender | E1: Department | F1: Position | G1: Joining Date | H1: Performance Score | I1: Email | J1: Phone Number | M1: Name_cleaned | N1: Age_removedtextvalues | O1: age_cleaned | P1: Salary | Q1: Salary_cleaned | R1: Gender_cleaned | S1: Dept_cleaned | T1: Position_cleaned | U1: Joining Date_cleaned | V1: Performance Score_cleaned | W1: Email_blankReplaced | X1: Email_hyphen replaced | Y1: Email_cleaned | Z1: Phone_cleaned
A2: grace | B2: 25 | C2: 50000 | D2: Male | E2: HR | F2: Manager | G2: 43195 | H2: D | I2: email@example/com | J2: nan | M2: =PROPER(TRIM(CLEAN(A2:A1001))) -> Grace | N2: 25 | O2: =IF(ISNUMBER(N2),N2,MEDIAN($N$2:$N$1001)) -> 25 | P2: 50000 | Q2: =IF(ISNUMBER(P2),P2,MEDIAN(P2:P1001)) -> 50000 | R2: =PROPER(TRIM(CLEAN(D2:D1001))) -> Male | S2: =TRIM(CLEAN(E2:E1001)) -> HR | T2: =TRIM(CLEAN(F2:F1001)) -> Manager | U2: 43195 | V2: D | W2: email@example/com | X2: =IF( OR(TRIM(W2)="",LOWER(W2)="nan"), "Email not provided", W2 ) -> email@example/com | Y2: =SUBSTITUTE(X2,"/",".") -> email@example.com | Z2: =IF(OR(TRIM(J2)="", LOWER(J2)="nan"), "Phone not provided", TRIM(J2)) -> Phone not provided
A3: david | B3: nan | C3: 65000 | D3: Female | E3: Finance | F3: Director | G3: 43881 | H3: F | I3: user@domain/com | J3: 123-456-7890 | M3: =PROPER(TRIM(CLEAN(A3:A1002))) -> David | N3: nan | O3: =IF(ISNUMBER(N3),N3,MEDIAN($N$2:$N$1001)) -> 35 | P3: 65000 | Q3: =IF(ISNUMBER(P3),P3,MEDIAN(P3:P1002)) -> 65000 | R3: =PROPER(TRIM(CLEAN(D3:D1002))) -> Female | S3: =TRIM(CLEAN(E3:E1002)) -> Finance | T3: =TRIM(CLEAN(F3:F1002)) -> Director | U3: 43881 | V3: F | W3: user@domain/com | X3: =IF( OR(TRIM(W3)="",LOWER(W3)="nan"), "Email not provided", W3 ) -> user@domain/com | Y3: =SUBSTITUTE(X3,"/",".") -> user@domain.com | Z3: =IF(OR(TRIM(J3)="", LOWER(J3)="nan"), "Phone not provided", TRIM(J3)) -> 123-456-7890
A4: hannah | B4: 35 | C4: 60000 | D4: Female | E4: Sales | F4: Director | G4: 43845 | H4: C | I4: email@example/com | J4: 098-765-4321 | M4: =PROPER(TRIM(CLEAN(A4:A1003))) -> Hannah | N4: 35 | O4: =IF(ISNUMBER(N4),N4,MEDIAN($N$2:$N$1001)) -> 35 | P4: 60000 | Q4: =IF(ISNUMBER(P4),P4,MEDIAN(P4:P1003)) -> 60000 | R4: =PROPER(TRIM(CLEAN(D4:D1003))) -> Female | S4: =TRIM(CLEAN(E4:E1003)) -> Sales | T4: =TRIM(CLEAN(F4:F1003)) -> Director | U4: 43845 | V4: C | W4: email@example/com | X4: =IF( OR(TRIM(W4)="",LOWER(W4)="nan"), "Email not provided", W4 ) -> email@example/com | Y4: =SUBSTITUTE(X4,"/",".") -> email@example.com | Z4: =IF(OR(TRIM(J4)="", LOWER(J4)="nan"), "Phone not provided", TRIM(J4)) -> 098-765-4321
A5: eve | B5: nan | C5: 50000 | D5: Female | E5: IT | F5: Manager | G5: 43195 | H5: A | I5: name@company/org | M5: =PROPER(TRIM(CLEAN(A5:A1004))) -> Eve | N5: nan | O5: =IF(ISNUMBER(N5),N5,MEDIAN($N$2:$N$1001)) -> 35 | P5: 50000 | Q5: =IF(ISNUMBER(P5),P5,MEDIAN(P5:P1004)) -> 50000 | R5: =PROPER(TRIM(CLEAN(D5:D1004))) -> Female | S5: =TRIM(CLEAN(E5:E1004)) -> IT | T5: =TRIM(CLEAN(F5:F1004)) -> Manager | U5: 43195 | V5: A | W5: name@company/org | X5: =IF( OR(TRIM(W5)="",LOWER(W5)="nan"), "Email not provided", W5 ) -> name@company/org | Y5: =SUBSTITUTE(X5,"/",".") -> name@company.org | Z5: =IF(OR(TRIM(J5)="", LOWER(J5)="nan"), "Phone not provided", TRIM(J5)) -> Phone not provided
A6: grace | B6: nan | C6: NAN | D6: Female | E6: Finance | F6: Manager | G6: 43845 | H6: F | I6: name@company/org | J6: 098-765-4321 | M6: =PROPER(TRIM(CLEAN(A6:A1005))) -> Grace | N6: nan | O6: =IF(ISNUMBER(N6),N6,MEDIAN($N$2:$N$1001)) -> 35 | P6: NAN | Q6: =IF(ISNUMBER(P6),P6,MEDIAN(P6:P1005)) -> 60000 | R6: =PROPER(TRIM(CLEAN(D6:D1005))) -> Female | S6: =TRIM(CLEAN(E6:E1005)) -> Finance | T6: =TRIM(CLEAN(F6:F1005)) -> Manager | U6: 43845 | V6: F | W6: name@company/org | X6: =IF( OR(TRIM(W6)="",LOWER(W6)="nan"), "Email not provided", W6 ) -> name@company/org | Y6: =SUBSTITUTE(X6,"/",".") -> name@company.org | Z6: =IF(OR(TRIM(J6)="", LOWER(J6)="nan"), "Phone not provided", TRIM(J6)) -> 098-765-4321
A7: jack | B7: nan | C7: 65000 | D7: Other | E7: Marketing | F7: Director | G7: 43549 | H7: F | I7: user@domain/com | J7: nan | M7: =PROPER(TRIM(CLEAN(A7:A1006))) -> Jack | N7: nan | O7: =IF(ISNUMBER(N7),N7,MEDIAN($N$2:$N$1001)) -> 35 | P7: 65000 | Q7: =IF(ISNUMBER(P7),P7,MEDIAN(P7:P1006)) -> 65000 | R7: =PROPER(TRIM(CLEAN(D7:D1006))) -> Other | S7: =TRIM(CLEAN(E7:E1006)) -> Marketing | T7: =TRIM(CLEAN(F7:F1006)) -> Director | U7: 43549 | V7: F | W7: user@domain/com | X7: =IF( OR(TRIM(W7)="",LOWER(W7)="nan"), "Email not provided", W7 ) -> user@domain/com | Y7: =SUBSTITUTE(X7,"/",".") -> user@domain.com | Z7: =IF(OR(TRIM(J7)="", LOWER(J7)="nan"), "Phone not provided", TRIM(J7)) -> Phone not provided
A8: charlie | B8: nan | C8: 50000 | D8: Male | E8: Marketing | F8: Clerk | G8: 43800 | H8: B | J8: 123-456-7890 | M8: =PROPER(TRIM(CLEAN(A8:A1007))) -> Charlie | N8: nan | O8: =IF(ISNUMBER(N8),N8,MEDIAN($N$2:$N$1001)) -> 35 | P8: 50000 | Q8: =IF(ISNUMBER(P8),P8,MEDIAN(P8:P1007)) -> 50000 | R8: =PROPER(TRIM(CLEAN(D8:D1007))) -> Male | S8: =TRIM(CLEAN(E8:E1007)) -> Marketing | T8: =TRIM(CLEAN(F8:F1007)) -> Clerk | U8: 43800 | V8: B | X8: =IF( OR(TRIM(W8)="",LOWER(W8)="nan"), "Email not provided", W8 ) -> Email not provided | Y8: =SUBSTITUTE(X8,"/",".") -> Email not provided | Z8: =IF(OR(TRIM(J8)="", LOWER(J8)="nan"), "Phone not provided", TRIM(J8)) -> 123-456-7890
A9: grace | B9: 40 | C9: 50000 | D9: Other | E9: HR | F9: Director | G9: 43549 | H9: C | M9: =PROPER(TRIM(CLEAN(A9:A1008))) -> Grace | N9: 40 | O9: =IF(ISNUMBER(N9),N9,MEDIAN($N$2:$N$1001)) -> 40 | P9: 50000 | Q9: =IF(ISNUMBER(P9),P9,MEDIAN(P9:P1008)) -> 50000 | R9: =PROPER(TRIM(CLEAN(D9:D1008))) -> Other | S9: =TRIM(CLEAN(E9:E1008)) -> HR | T9: =TRIM(CLEAN(F9:F1008)) -> Director | U9: 43549 | V9: C | X9: =IF( OR(TRIM(W9)="",LOWER(W9)="nan"), "Email not provided", W9 ) -> Email not provided | Y9: =SUBSTITUTE(X9,"/",".") -> Email not provided | Z9: =IF(OR(TRIM(J9)="", LOWER(J9)="nan"), "Phone not provided", TRIM(J9)) -> Phone not provided
A10: hannah | B10: 40 | C10: 60000 | D10: Female | E10: Marketing | F10: Manager | G10: 43845 | H10: C | I10: user@domain/com | J10: 123-456-7890 | M10: =PROPER(TRIM(CLEAN(A10:A1009))) -> Hannah | N10: 40 | O10: =IF(ISNUMBER(N10),N10,MEDIAN($N$2:$N$1001)) -> 40 | P10: 60000 | Q10: =IF(ISNUMBER(P10),P10,MEDIAN(P10:P1009)) -> 60000 | R10: =PROPER(TRIM(CLEAN(D10:D1009))) -> Female | S10: =TRIM(CLEAN(E10:E1009)) -> Marketing | T10: =TRIM(CLEAN(F10:F1009)) -> Manager | U10: 43845 | V10: C | W10: user@domain/com | X10: =IF( OR(TRIM(W10)="",LOWER(W10)="nan"), "Email not provided", W10 ) -> user@domain/com | Y10: =SUBSTITUTE(X10,"/",".") -> user@domain.com | Z10: =IF(OR(TRIM(J10)="", LOWER(J10)="nan"), "Phone not provided", TRIM(J10)) -> 123-456-7890
A11: eve | B11: 30 | C11: NAN | D11: Other | E11: Finance | F11: Assistant | G11: 43881 | H11: A | M11: =PROPER(TRIM(CLEAN(A11:A1010))) -> Eve | N11: 30 | O11: =IF(ISNUMBER(N11),N11,MEDIAN($N$2:$N$1001)) -> 30 | P11: NAN | Q11: =IF(ISNUMBER(P11),P11,MEDIAN(P11:P1010)) -> 60000 | R11: =PROPER(TRIM(CLEAN(D11:D1010))) -> Other | S11: =TRIM(CLEAN(E11:E1010)) -> Finance | T11: =TRIM(CLEAN(F11:F1010)) -> Assistant | U11: 43881 | V11: A | X11: =IF( OR(TRIM(W11)="",LOWER(W11)="nan"), "Email not provided", W11 ) -> Email not provided | Y11: =SUBSTITUTE(X11,"/",".") -> Email not provided | Z11: =IF(OR(TRIM(J11)="", LOWER(J11)="nan"), "Phone not provided", TRIM(J11)) -> Phone not provided
A12: david | B12: 25 | C12: 70000 | D12: Male | E12: Marketing | F12: Analyst | G12: 43800 | H12: B | I12: nan | J12: 123-456-7890 | M12: =PROPER(TRIM(CLEAN(A12:A1011))) -> David | N12: 25 | O12: =IF(ISNUMBER(N12),N12,MEDIAN($N$2:$N$1001)) -> 25 | P12: 70000 | Q12: =IF(ISNUMBER(P12),P12,MEDIAN(P12:P1011)) -> 70000 | R12: =PROPER(TRIM(CLEAN(D12:D1011))) -> Male | S12: =TRIM(CLEAN(E12:E1011)) -> Marketing | T12: =TRIM(CLEAN(F12:F1011)) -> Analyst | U12: 43800 | V12: B | W12: nan | X12: =IF( OR(TRIM(W12)="",LOWER(W12)="nan"), "Email not provided", W12 ) -> Email not provided | Y12: =SUBSTITUTE(X12,"/",".") -> Email not provided | Z12: =IF(OR(TRIM(J12)="", LOWER(J12)="nan"), "Phone not provided", TRIM(J12)) -> 123-456-7890
A13: hannah | B13: nan | C13: 70000 | D13: Other | E13: Finance | F13: Assistant | G13: 43549 | H13: A | J13: nan | M13: =PROPER(TRIM(CLEAN(A13:A1012))) -> Hannah | N13: nan | O13: =IF(ISNUMBER(N13),N13,MEDIAN($N$2:$N$1001)) -> 35 | P13: 70000 | Q13: =IF(ISNUMBER(P13),P13,MEDIAN(P13:P1012)) -> 70000 | R13: =PROPER(TRIM(CLEAN(D13:D1012))) -> Other | S13: =TRIM(CLEAN(E13:E1012)) -> Finance | T13: =TRIM(CLEAN(F13:F1012)) -> Assistant | U13: 43549 | V13: A | X13: =IF( OR(TRIM(W13)="",LOWER(W13)="nan"), "Email not provided", W13 ) -> Email not provided | Y13: =SUBSTITUTE(X13,"/",".") -> Email not provided | Z13: =IF(OR(TRIM(J13)="", LOWER(J13)="nan"), "Phone not provided", TRIM(J13)) -> Phone not provided
A14: hannah | B14: 30 | C14: 50000 | D14: Male | E14: IT | F14: Assistant | G14: 43195 | H14: D | M14: =PROPER(TRIM(CLEAN(A14:A1013))) -> Hannah | N14: 30 | O14: =IF(ISNUMBER(N14),N14,MEDIAN($N$2:$N$1001)) -> 30 | P14: 50000 | Q14: =IF(ISNUMBER(P14),P14,MEDIAN(P14:P1013)) -> 50000 | R14: =PROPER(TRIM(CLEAN(D14:D1013))) -> Male | S14: =TRIM(CLEAN(E14:E1013)) -> IT | T14: =TRIM(CLEAN(F14:F1013)) -> Assistant | U14: 43195 | V14: D | X14: =IF( OR(TRIM(W14)="",LOWER(W14)="nan"), "Email not provided", W14 ) -> Email not provided | Y14: =SUBSTITUTE(X14,"/",".") -> Email not provided | Z14: =IF(OR(TRIM(J14)="", LOWER(J14)="nan"), "Phone not provided", TRIM(J14)) -> Phone not provided
A15: charlie | B15: 25 | C15: 55000 | D15: Other | E15: HR | F15: Manager | G15: 43881 | H15: F | J15: 555-555-5555 | M15: =PROPER(TRIM(CLEAN(A15:A1014))) -> Charlie | N15: 25 | O15: =IF(ISNUMBER(N15),N15,MEDIAN($N$2:$N$1001)) -> 25 | P15: 55000 | Q15: =IF(ISNUMBER(P15),P15,MEDIAN(P15:P1014)) -> 55000 | R15: =PROPER(TRIM(CLEAN(D15:D1014))) -> Other | S15: =TRIM(CLEAN(E15:E1014)) -> HR | T15: =TRIM(CLEAN(F15:F1014)) -> Manager | U15: 43881 | V15: F | X15: =IF( OR(TRIM(W15)="",LOWER(W15)="nan"), "Email not provided", W15 ) -> Email not provided | Y15: =SUBSTITUTE(X15,"/",".") -> Email not provided | Z15: =IF(OR(TRIM(J15)="", LOWER(J15)="nan"), "Phone not provided", TRIM(J15)) -> 555-555-5555
A16: frank | B16: 50 | C16: NAN | D16: Male | E16: Marketing | F16: Director | G16: 43549 | H16: A | I16: nan | J16: 123-456-7890 | M16: =PROPER(TRIM(CLEAN(A16:A1015))) -> Frank | N16: 50 | O16: =IF(ISNUMBER(N16),N16,MEDIAN($N$2:$N$1001)) -> 50 | P16: NAN | Q16: =IF(ISNUMBER(P16),P16,MEDIAN(P16:P1015)) -> 60000 | R16: =PROPER(TRIM(CLEAN(D16:D1015))) -> Male | S16: =TRIM(CLEAN(E16:E1015)) -> Marketing | T16: =TRIM(CLEAN(F16:F1015)) -> Director | U16: 43549 | V16: A | W16: nan | X16: =IF( OR(TRIM(W16)="",LOWER(W16)="nan"), "Email not provided", W16 ) -> Email not provided | Y16: =SUBSTITUTE(X16,"/",".") -> Email not provided | Z16: =IF(OR(TRIM(J16)="", LOWER(J16)="nan"), "Phone not provided", TRIM(J16)) -> 123-456-7890
A17: eve | B17: 35 | C17: 65000 | D17: Male | E17: Finance | F17: Clerk | G17: 43195 | H17: F | J17: 123-456-7890 | M17: =PROPER(TRIM(CLEAN(A17:A1016))) -> Eve | N17: 35 | O17: =IF(ISNUMBER(N17),N17,MEDIAN($N$2:$N$1001)) -> 35 | P17: 65000 | Q17: =IF(ISNUMBER(P17),P17,MEDIAN(P17:P1016)) -> 65000 | R17: =PROPER(TRIM(CLEAN(D17:D1016))) -> Male | S17: =TRIM(CLEAN(E17:E1016)) -> Finance | T17: =TRIM(CLEAN(F17:F1016)) -> Clerk | U17: 43195 | V17: F | X17: =IF( OR(TRIM(W17)="",LOWER(W17)="nan"), "Email not provided", W17 ) -> Email not provided | Y17: =SUBSTITUTE(X17,"/",".") -> Email not provided | Z17: =IF(OR(TRIM(J17)="", LOWER(J17)="nan"), "Phone not provided", TRIM(J17)) -> 123-456-7890
A18: bob | B18: 40 | C18: 55000 | D18: Female | E18: Sales | F18: Assistant | G18: 43845 | H18: B | I18: nan | J18: 098-765-4321 | M18: =PROPER(TRIM(CLEAN(A18:A1017))) -> Bob | N18: 40 | O18: =IF(ISNUMBER(N18),N18,MEDIAN($N$2:$N$1001)) -> 40 | P18: 55000 | Q18: =IF(ISNUMBER(P18),P18,MEDIAN(P18:P1017)) -> 55000 | R18: =PROPER(TRIM(CLEAN(D18:D1017))) -> Female | S18: =TRIM(CLEAN(E18:E1017)) -> Sales | T18: =TRIM(CLEAN(F18:F1017)) -> Assistant | U18: 43845 | V18: B | W18: nan | X18: =IF( OR(TRIM(W18)="",LOWER(W18)="nan"), "Email not provided", W18 ) -> Email not provided | Y18: =SUBSTITUTE(X18,"/",".") -> Email not provided | Z18: =IF(OR(TRIM(J18)="", LOWER(J18)="nan"), "Phone not provided", TRIM(J18)) -> 098-765-4321
A19: hannah | B19: 50 | C19: 55000 | D19: Male | E19: HR | F19: Director | G19: 43195 | H19: D | I19: user@domain/com | M19: =PROPER(TRIM(CLEAN(A19:A1018))) -> Hannah | N19: 50 | O19: =IF(ISNUMBER(N19),N19,MEDIAN($N$2:$N$1001)) -> 50 | P19: 55000 | Q19: =IF(ISNUMBER(P19),P19,MEDIAN(P19:P1018)) -> 55000 | R19: =PROPER(TRIM(CLEAN(D19:D1018))) -> Male | S19: =TRIM(CLEAN(E19:E1018)) -> HR | T19: =TRIM(CLEAN(F19:F1018)) -> Director | U19: 43195 | V19: D | W19: user@domain/com | X19: =IF( OR(TRIM(W19)="",LOWER(W19)="nan"), "Email not provided", W19 ) -> user@domain/com | Y19: =SUBSTITUTE(X19,"/",".") -> user@domain.com | Z19: =IF(OR(TRIM(J19)="", LOWER(J19)="nan"), "Phone not provided", TRIM(J19)) -> Phone not provided
A20: frank | B20: 25 | C20: NAN | D20: Female | E20: IT | F20: Clerk | G20: 43549 | H20: B | I20: email@example/com | J20: 555-555-5555 | M20: =PROPER(TRIM(CLEAN(A20:A1019))) -> Frank | N20: 25 | O20: =IF(ISNUMBER(N20),N20,MEDIAN($N$2:$N$1001)) -> 25 | P20: NAN | Q20: =IF(ISNUMBER(P20),P20,MEDIAN(P20:P1019)) -> 60000 | R20: =PROPER(TRIM(CLEAN(D20:D1019))) -> Female | S20: =TRIM(CLEAN(E20:E1019)) -> IT | T20: =TRIM(CLEAN(F20:F1019)) -> Clerk | U20: 43549 | V20: B | W20: email@example/com | X20: =IF( OR(TRIM(W20)="",LOWER(W20)="nan"), "Email not provided", W20 ) -> email@example/com | Y20: =SUBSTITUTE(X20,"/",".") -> email@example.com | Z20: =IF(OR(TRIM(J20)="", LOWER(J20)="nan"), "Phone not provided", TRIM(J20)) -> 555-555-5555
A21: bob | B21: 50 | C21: 50000 | D21: Female | E21: Finance | F21: Assistant | G21: 43549 | H21: D | I21: user@domain/com | J21: nan | M21: =PROPER(TRIM(CLEAN(A21:A1020))) -> Bob | N21: 50 | O21: =IF(ISNUMBER(N21),N21,MEDIAN($N$2:$N$1001)) -> 50 | P21: 50000 | Q21: =IF(ISNUMBER(P21),P21,MEDIAN(P21:P1020)) -> 50000 | R21: =PROPER(TRIM(CLEAN(D21:D1020))) -> Female | S21: =TRIM(CLEAN(E21:E1020)) -> Finance | T21: =TRIM(CLEAN(F21:F1020)) -> Assistant | U21: 43549 | V21: D | W21: user@domain/com | X21: =IF( OR(TRIM(W21)="",LOWER(W21)="nan"), "Email not provided", W21 ) -> user@domain/com | Y21: =SUBSTITUTE(X21,"/",".") -> user@domain.com | Z21: =IF(OR(TRIM(J21)="", LOWER(J21)="nan"), "Phone not provided", TRIM(J21)) -> Phone not provided
A22: eve | B22: 35 | C22: 50000 | D22: Female | E22: IT | F22: Clerk | G22: 43845 | H22: D | I22: email@example/com | J22: 098-765-4321 | M22: =PROPER(TRIM(CLEAN(A22:A1021))) -> Eve | N22: 35 | O22: =IF(ISNUMBER(N22),N22,MEDIAN($N$2:$N$1001)) -> 35 | P22: 50000 | Q22: =IF(ISNUMBER(P22),P22,MEDIAN(P22:P1021)) -> 50000 | R22: =PROPER(TRIM(CLEAN(D22:D1021))) -> Female | S22: =TRIM(CLEAN(E22:E1021)) -> IT | T22: =TRIM(CLEAN(F22:F1021)) -> Clerk | U22: 43845 | V22: D | W22: email@example/com | X22: =IF( OR(TRIM(W22)="",LOWER(W22)="nan"), "Email not provided", W22 ) -> email@example/com | Y22: =SUBSTITUTE(X22,"/",".") -> email@example.com | Z22: =IF(OR(TRIM(J22)="", LOWER(J22)="nan"), "Phone not provided", TRIM(J22)) -> 098-765-4321
A23: alice | B23: 25 | C23: 50000 | D23: Other | E23: IT | F23: Director | G23: 43195 | H23: F | I23: user@domain/com | J23: 555-555-5555 | M23: =PROPER(TRIM(CLEAN(A23:A1022))) -> Alice | N23: 25 | O23: =IF(ISNUMBER(N23),N23,MEDIAN($N$2:$N$1001)) -> 25 | P23: 50000 | Q23: =IF(ISNUMBER(P23),P23,MEDIAN(P23:P1022)) -> 50000 | R23: =PROPER(TRIM(CLEAN(D23:D1022))) -> Other | S23: =TRIM(CLEAN(E23:E1022)) -> IT | T23: =TRIM(CLEAN(F23:F1022)) -> Director | U23: 43195 | V23: F | W23: user@domain/com | X23: =IF( OR(TRIM(W23)="",LOWER(W23)="nan"), "Email not provided", W23 ) -> user@domain/com | Y23: =SUBSTITUTE(X23,"/",".") -> user@domain.com | Z23: =IF(OR(TRIM(J23)="", LOWER(J23)="nan"), "Phone not provided", TRIM(J23)) -> 555-555-5555
A24: jack | B24: 50 | C24: 50000 | D24: Other | E24: Marketing | F24: Analyst | G24: 43195 | H24: B | I24: email@example/com | M24: =PROPER(TRIM(CLEAN(A24:A1023))) -> Jack | N24: 50 | O24: =IF(ISNUMBER(N24),N24,MEDIAN($N$2:$N$1001)) -> 50 | P24: 50000 | Q24: =IF(ISNUMBER(P24),P24,MEDIAN(P24:P1023)) -> 50000 | R24: =PROPER(TRIM(CLEAN(D24:D1023))) -> Other | S24: =TRIM(CLEAN(E24:E1023)) -> Marketing | T24: =TRIM(CLEAN(F24:F1023)) -> Analyst | U24: 43195 | V24: B | W24: email@example/com | X24: =IF( OR(TRIM(W24)="",LOWER(W24)="nan"), "Email not provided", W24 ) -> email@example/com | Y24: =SUBSTITUTE(X24,"/",".") -> email@example.com | Z24: =IF(OR(TRIM(J24)="", LOWER(J24)="nan"), "Phone not provided", TRIM(J24)) -> Phone not provided
A25: frank | B25: 40 | C25: 70000 | D25: Other | E25: Marketing | F25: Director | G25: 43845 | H25: B | I25: email@example/com | J25: 555-555-5555 | M25: =PROPER(TRIM(CLEAN(A25:A1024))) -> Frank | N25: 40 | O25: =IF(ISNUMBER(N25),N25,MEDIAN($N$2:$N$1001)) -> 40 | P25: 70000 | Q25: =IF(ISNUMBER(P25),P25,MEDIAN(P25:P1024)) -> 70000 | R25: =PROPER(TRIM(CLEAN(D25:D1024))) -> Other | S25: =TRIM(CLEAN(E25:E1024)) -> Marketing | T25: =TRIM(CLEAN(F25:F1024)) -> Director | U25: 43845 | V25: B | W25: email@example/com | X25: =IF( OR(TRIM(W25)="",LOWER(W25)="nan"), "Email not provided", W25 ) -> email@example/com | Y25: =SUBSTITUTE(X25,"/",".") -> email@example.com | Z25: =IF(OR(TRIM(J25)="", LOWER(J25)="nan"), "Phone not provided", TRIM(J25)) -> 555-555-5555
A26: ivy | B26: 40 | C26: 50000 | D26: Other | E26: Finance | F26: Manager | G26: 43195 | H26: A | I26: name@company/org | J26: 123-456-7890 | M26: =PROPER(TRIM(CLEAN(A26:A1025))) -> Ivy | N26: 40 | O26: =IF(ISNUMBER(N26),N26,MEDIAN($N$2:$N$1001)) -> 40 | P26: 50000 | Q26: =IF(ISNUMBER(P26),P26,MEDIAN(P26:P1025)) -> 50000 | R26: =PROPER(TRIM(CLEAN(D26:D1025))) -> Other | S26: =TRIM(CLEAN(E26:E1025)) -> Finance | T26: =TRIM(CLEAN(F26:F1025)) -> Manager | U26: 43195 | V26: A | W26: name@company/org | X26: =IF( OR(TRIM(W26)="",LOWER(W26)="nan"), "Email not provided", W26 ) -> name@company/org | Y26: =SUBSTITUTE(X26,"/",".") -> name@company.org | Z26: =IF(OR(TRIM(J26)="", LOWER(J26)="nan"), "Phone not provided", TRIM(J26)) -> 123-456-7890
A27: alice | B27: 30 | C27: 70000 | D27: Male | E27: Sales | F27: Clerk | G27: 43845 | H27: B | I27: email@example/com | J27: 123-456-7890 | M27: =PROPER(TRIM(CLEAN(A27:A1026))) -> Alice | N27: 30 | O27: =IF(ISNUMBER(N27),N27,MEDIAN($N$2:$N$1001)) -> 30 | P27: 70000 | Q27: =IF(ISNUMBER(P27),P27,MEDIAN(P27:P1026)) -> 70000 | R27: =PROPER(TRIM(CLEAN(D27:D1026))) -> Male | S27: =TRIM(CLEAN(E27:E1026)) -> Sales | T27: =TRIM(CLEAN(F27:F1026)) -> Clerk | U27: 43845 | V27: B | W27: email@example/com | X27: =IF( OR(TRIM(W27)="",LOWER(W27)="nan"), "Email not provided", W27 ) -> email@example/com | Y27: =SUBSTITUTE(X27,"/",".") -> email@example.com | Z27: =IF(OR(TRIM(J27)="", LOWER(J27)="nan"), "Phone not provided", TRIM(J27)) -> 123-456-7890
A28: jack | B28: 50 | C28: 70000 | D28: Male | E28: Finance | F28: Analyst | G28: 43881 | H28: A | I28: email@example/com | J28: 098-765-4321 | M28: =PROPER(TRIM(CLEAN(A28:A1027))) -> Jack | N28: 50 | O28: =IF(ISNUMBER(N28),N28,MEDIAN($N$2:$N$1001)) -> 50 | P28: 70000 | Q28: =IF(ISNUMBER(P28),P28,MEDIAN(P28:P1027)) -> 70000 | R28: =PROPER(TRIM(CLEAN(D28:D1027))) -> Male | S28: =TRIM(CLEAN(E28:E1027)) -> Finance | T28: =TRIM(CLEAN(F28:F1027)) -> Analyst | U28: 43881 | V28: A | W28: email@example/com | X28: =IF( OR(TRIM(W28)="",LOWER(W28)="nan"), "Email not provided", W28 ) -> email@example/com | Y28: =SUBSTITUTE(X28,"/",".") -> email@example.com | Z28: =IF(OR(TRIM(J28)="", LOWER(J28)="nan"), "Phone not provided", TRIM(J28)) -> 098-765-4321
A29: charlie | B29: nan | C29: 50000 | D29: Other | E29: Sales | F29: Clerk | G29: 43549 | H29: C | I29: name@company/org | M29: =PROPER(TRIM(CLEAN(A29:A1028))) -> Charlie | N29: nan | O29: =IF(ISNUMBER(N29),N29,MEDIAN($N$2:$N$1001)) -> 35 | P29: 50000 | Q29: =IF(ISNUMBER(P29),P29,MEDIAN(P29:P1028)) -> 50000 | R29: =PROPER(TRIM(CLEAN(D29:D1028))) -> Other | S29: =TRIM(CLEAN(E29:E1028)) -> Sales | T29: =TRIM(CLEAN(F29:F1028)) -> Clerk | U29: 43549 | V29: C | W29: name@company/org | X29: =IF( OR(TRIM(W29)="",LOWER(W29)="nan"), "Email not provided", W29 ) -> name@company/org | Y29: =SUBSTITUTE(X29,"/",".") -> name@company.org | Z29: =IF(OR(TRIM(J29)="", LOWER(J29)="nan"), "Phone not provided", TRIM(J29)) -> Phone not provided
A30: grace | B30: 50 | C30: 60000 | D30: Male | E30: IT | F30: Clerk | G30: 43881 | H30: C | M30: =PROPER(TRIM(CLEAN(A30:A1029))) -> Grace | N30: 50 | O30: =IF(ISNUMBER(N30),N30,MEDIAN($N$2:$N$1001)) -> 50 | P30: 60000 | Q30: =IF(ISNUMBER(P30),P30,MEDIAN(P30:P1029)) -> 60000 | R30: =PROPER(TRIM(CLEAN(D30:D1029))) -> Male | S30: =TRIM(CLEAN(E30:E1029)) -> IT | T30: =TRIM(CLEAN(F30:F1029)) -> Clerk | U30: 43881 | V30: C | X30: =IF( OR(TRIM(W30)="",LOWER(W30)="nan"), "Email not provided", W30 ) -> Email not provided | Y30: =SUBSTITUTE(X30,"/",".") -> Email not provided | Z30: =IF(OR(TRIM(J30)="", LOWER(J30)="nan"), "Phone not provided", TRIM(J30)) -> Phone not provided
A31: david | B31: 25 | C31: 65000 | D31: Male | E31: HR | F31: Assistant | G31: 43800 | H31: C | J31: 555-555-5555 | M31: =PROPER(TRIM(CLEAN(A31:A1030))) -> David | N31: 25 | O31: =IF(ISNUMBER(N31),N31,MEDIAN($N$2:$N$1001)) -> 25 | P31: 65000 | Q31: =IF(ISNUMBER(P31),P31,MEDIAN(P31:P1030)) -> 65000 | R31: =PROPER(TRIM(CLEAN(D31:D1030))) -> Male | S31: =TRIM(CLEAN(E31:E1030)) -> HR | T31: =TRIM(CLEAN(F31:F1030)) -> Assistant | U31: 43800 | V31: C | X31: =IF( OR(TRIM(W31)="",LOWER(W31)="nan"), "Email not provided", W31 ) -> Email not provided | Y31: =SUBSTITUTE(X31,"/",".") -> Email not provided | Z31: =IF(OR(TRIM(J31)="", LOWER(J31)="nan"), "Phone not provided", TRIM(J31)) -> 555-555-5555
A32: ivy | B32: 25 | C32: 55000 | D32: Female | E32: Finance | F32: Manager | G32: 43800 | H32: B | I32: name@company/org | J32: 098-765-4321 | M32: =PROPER(TRIM(CLEAN(A32:A1031))) -> Ivy | N32: 25 | O32: =IF(ISNUMBER(N32),N32,MEDIAN($N$2:$N$1001)) -> 25 | P32: 55000 | Q32: =IF(ISNUMBER(P32),P32,MEDIAN(P32:P1031)) -> 55000 | R32: =PROPER(TRIM(CLEAN(D32:D1031))) -> Female | S32: =TRIM(CLEAN(E32:E1031)) -> Finance | T32: =TRIM(CLEAN(F32:F1031)) -> Manager | U32: 43800 | V32: B | W32: name@company/org | X32: =IF( OR(TRIM(W32)="",LOWER(W32)="nan"), "Email not provided", W32 ) -> name@company/org | Y32: =SUBSTITUTE(X32,"/",".") -> name@company.org | Z32: =IF(OR(TRIM(J32)="", LOWER(J32)="nan"), "Phone not provided", TRIM(J32)) -> 098-765-4321
A33: charlie | B33: 50 | C33: 70000 | D33: Female | E33: Finance | F33: Clerk | G33: 43800 | H33: B | I33: nan | M33: =PROPER(TRIM(CLEAN(A33:A1032))) -> Charlie | N33: 50 | O33: =IF(ISNUMBER(N33),N33,MEDIAN($N$2:$N$1001)) -> 50 | P33: 70000 | Q33: =IF(ISNUMBER(P33),P33,MEDIAN(P33:P1032)) -> 70000 | R33: =PROPER(TRIM(CLEAN(D33:D1032))) -> Female | S33: =TRIM(CLEAN(E33:E1032)) -> Finance | T33: =TRIM(CLEAN(F33:F1032)) -> Clerk | U33: 43800 | V33: B | W33: nan | X33: =IF( OR(TRIM(W33)="",LOWER(W33)="nan"), "Email not provided", W33 ) -> Email not provided | Y33: =SUBSTITUTE(X33,"/",".") -> Email not provided | Z33: =IF(OR(TRIM(J33)="", LOWER(J33)="nan"), "Phone not provided", TRIM(J33)) -> Phone not provided
A34: eve | B34: 35 | C34: NAN | D34: Female | E34: Sales | F34: Director | G34: 43845 | H34: A | I34: email@example/com | J34: 123-456-7890 | M34: =PROPER(TRIM(CLEAN(A34:A1033))) -> Eve | N34: 35 | O34: =IF(ISNUMBER(N34),N34,MEDIAN($N$2:$N$1001)) -> 35 | P34: NAN | Q34: =IF(ISNUMBER(P34),P34,MEDIAN(P34:P1033)) -> 60000 | R34: =PROPER(TRIM(CLEAN(D34:D1033))) -> Female | S34: =TRIM(CLEAN(E34:E1033)) -> Sales | T34: =TRIM(CLEAN(F34:F1033)) -> Director | U34: 43845 | V34: A | W34: email@example/com | X34: =IF( OR(TRIM(W34)="",LOWER(W34)="nan"), "Email not provided", W34 ) -> email@example/com | Y34: =SUBSTITUTE(X34,"/",".") -> email@example.com | Z34: =IF(OR(TRIM(J34)="", LOWER(J34)="nan"), "Phone not provided", TRIM(J34)) -> 123-456-7890
A35: charlie | B35: 40 | C35: NAN | D35: Female | E35: IT | F35: Director | G35: 43195 | H35: D | I35: email@example/com | J35: 555-555-5555 | M35: =PROPER(TRIM(CLEAN(A35:A1034))) -> Charlie | N35: 40 | O35: =IF(ISNUMBER(N35),N35,MEDIAN($N$2:$N$1001)) -> 40 | P35: NAN | Q35: =IF(ISNUMBER(P35),P35,MEDIAN(P35:P1034)) -> 60000 | R35: =PROPER(TRIM(CLEAN(D35:D1034))) -> Female | S35: =TRIM(CLEAN(E35:E1034)) -> IT | T35: =TRIM(CLEAN(F35:F1034)) -> Director | U35: 43195 | V35: D | W35: email@example/com | X35: =IF( OR(TRIM(W35)="",LOWER(W35)="nan"), "Email not provided", W35 ) -> email@example/com | Y35: =SUBSTITUTE(X35,"/",".") -> email@example.com | Z35: =IF(OR(TRIM(J35)="", LOWER(J35)="nan"), "Phone not provided", TRIM(J35)) -> 555-555-5555
A36: grace | B36: 25 | C36: 65000 | D36: Male | E36: IT | F36: Assistant | G36: 43881 | H36: A | I36: name@company/org | J36: nan | M36: =PROPER(TRIM(CLEAN(A36:A1035))) -> Grace | N36: 25 | O36: =IF(ISNUMBER(N36),N36,MEDIAN($N$2:$N$1001)) -> 25 | P36: 65000 | Q36: =IF(ISNUMBER(P36),P36,MEDIAN(P36:P1035)) -> 65000 | R36: =PROPER(TRIM(CLEAN(D36:D1035))) -> Male | S36: =TRIM(CLEAN(E36:E1035)) -> IT | T36: =TRIM(CLEAN(F36:F1035)) -> Assistant | U36: 43881 | V36: A | W36: name@company/org | X36: =IF( OR(TRIM(W36)="",LOWER(W36)="nan"), "Email not provided", W36 ) -> name@company/org | Y36: =SUBSTITUTE(X36,"/",".") -> name@company.org | Z36: =IF(OR(TRIM(J36)="", LOWER(J36)="nan"), "Phone not provided", TRIM(J36)) -> Phone not provided
A37: eve | B37: 40 | C37: NAN | D37: Other | E37: Sales | F37: Manager | G37: 43881 | H37: C | I37: name@company/org | J37: 123-456-7890 | M37: =PROPER(TRIM(CLEAN(A37:A1036))) -> Eve | N37: 40 | O37: =IF(ISNUMBER(N37),N37,MEDIAN($N$2:$N$1001)) -> 40 | P37: NAN | Q37: =IF(ISNUMBER(P37),P37,MEDIAN(P37:P1036)) -> 60000 | R37: =PROPER(TRIM(CLEAN(D37:D1036))) -> Other | S37: =TRIM(CLEAN(E37:E1036)) -> Sales | T37: =TRIM(CLEAN(F37:F1036)) -> Manager | U37: 43881 | V37: C | W37: name@company/org | X37: =IF( OR(TRIM(W37)="",LOWER(W37)="nan"), "Email not provided", W37 ) -> name@company/org | Y37: =SUBSTITUTE(X37,"/",".") -> name@company.org | Z37: =IF(OR(TRIM(J37)="", LOWER(J37)="nan"), "Phone not provided", TRIM(J37)) -> 123-456-7890
A38: ivy | B38: 25 | C38: 60000 | D38: Male | E38: IT | F38: Manager | G38: 43881 | H38: A | I38: nan | J38: 098-765-4321 | M38: =PROPER(TRIM(CLEAN(A38:A1037))) -> Ivy | N38: 25 | O38: =IF(ISNUMBER(N38),N38,MEDIAN($N$2:$N$1001)) -> 25 | P38: 60000 | Q38: =IF(ISNUMBER(P38),P38,MEDIAN(P38:P1037)) -> 60000 | R38: =PROPER(TRIM(CLEAN(D38:D1037))) -> Male | S38: =TRIM(CLEAN(E38:E1037)) -> IT | T38: =TRIM(CLEAN(F38:F1037)) -> Manager | U38: 43881 | V38: A | W38: nan | X38: =IF( OR(TRIM(W38)="",LOWER(W38)="nan"), "Email not provided", W38 ) -> Email not provided | Y38: =SUBSTITUTE(X38,"/",".") -> Email not provided | Z38: =IF(OR(TRIM(J38)="", LOWER(J38)="nan"), "Phone not provided", TRIM(J38)) -> 098-765-4321
A39: grace | B39: 30 | C39: NAN | D39: Male | E39: Marketing | F39: Director | G39: 43881 | H39: D | M39: =PROPER(TRIM(CLEAN(A39:A1038))) -> Grace | N39: 30 | O39: =IF(ISNUMBER(N39),N39,MEDIAN($N$2:$N$1001)) -> 30 | P39: NAN | Q39: =IF(ISNUMBER(P39),P39,MEDIAN(P39:P1038)) -> 60000 | R39: =PROPER(TRIM(CLEAN(D39:D1038))) -> Male | S39: =TRIM(CLEAN(E39:E1038)) -> Marketing | T39: =TRIM(CLEAN(F39:F1038)) -> Director | U39: 43881 | V39: D | X39: =IF( OR(TRIM(W39)="",LOWER(W39)="nan"), "Email not provided", W39 ) -> Email not provided | Y39: =SUBSTITUTE(X39,"/",".") -> Email not provided | Z39: =IF(OR(TRIM(J39)="", LOWER(J39)="nan"), "Phone not provided", TRIM(J39)) -> Phone not provided
A40: bob | B40: nan | C40: 55000 | D40: Male | E40: HR | F40: Analyst | G40: 43800 | H40: B | I40: user@domain/com | J40: 123-456-7890 | M40: =PROPER(TRIM(CLEAN(A40:A1039))) -> Bob | N40: nan | O40: =IF(ISNUMBER(N40),N40,MEDIAN($N$2:$N$1001)) -> 35 | P40: 55000 | Q40: =IF(ISNUMBER(P40),P40,MEDIAN(P40:P1039)) -> 55000 | R40: =PROPER(TRIM(CLEAN(D40:D1039))) -> Male | S40: =TRIM(CLEAN(E40:E1039)) -> HR | T40: =TRIM(CLEAN(F40:F1039)) -> Analyst | U40: 43800 | V40: B | W40: user@domain/com | X40: =IF( OR(TRIM(W40)="",LOWER(W40)="nan"), "Email not provided", W40 ) -> user@domain/com | Y40: =SUBSTITUTE(X40,"/",".") -> user@domain.com | Z40: =IF(OR(TRIM(J40)="", LOWER(J40)="nan"), "Phone not provided", TRIM(J40)) -> 123-456-7890
A41: david | B41: 25 | C41: 55000 | D41: Female | E41: Finance | F41: Assistant | G41: 43881 | H41: A | J41: nan | M41: =PROPER(TRIM(CLEAN(A41:A1040))) -> David | N41: 25 | O41: =IF(ISNUMBER(N41),N41,MEDIAN($N$2:$N$1001)) -> 25 | P41: 55000 | Q41: =IF(ISNUMBER(P41),P41,MEDIAN(P41:P1040)) -> 55000 | R41: =PROPER(TRIM(CLEAN(D41:D1040))) -> Female | S41: =TRIM(CLEAN(E41:E1040)) -> Finance | T41: =TRIM(CLEAN(F41:F1040)) -> Assistant | U41: 43881 | V41: A | X41: =IF( OR(TRIM(W41)="",LOWER(W41)="nan"), "Email not provided", W41 ) -> Email not provided | Y41: =SUBSTITUTE(X41,"/",".") -> Email not provided | Z41: =IF(OR(TRIM(J41)="", LOWER(J41)="nan"), "Phone not provided", TRIM(J41)) -> Phone not provided
A42: ivy | B42: 40 | C42: 70000 | D42: Female | E42: HR | F42: Assistant | G42: 43195 | H42: C | I42: email@example/com | J42: nan | M42: =PROPER(TRIM(CLEAN(A42:A1041))) -> Ivy | N42: 40 | O42: =IF(ISNUMBER(N42),N42,MEDIAN($N$2:$N$1001)) -> 40 | P42: 70000 | Q42: =IF(ISNUMBER(P42),P42,MEDIAN(P42:P1041)) -> 70000 | R42: =PROPER(TRIM(CLEAN(D42:D1041))) -> Female | S42: =TRIM(CLEAN(E42:E1041)) -> HR | T42: =TRIM(CLEAN(F42:F1041)) -> Assistant | U42: 43195 | V42: C | W42: email@example/com | X42: =IF( OR(TRIM(W42)="",LOWER(W42)="nan"), "Email not provided", W42 ) -> email@example/com | Y42: =SUBSTITUTE(X42,"/",".") -> email@example.com | Z42: =IF(OR(TRIM(J42)="", LOWER(J42)="nan"), "Phone not provided", TRIM(J42)) -> Phone not provided
A43: bob | B43: 30 | C43: 50000 | D43: Female | E43: Finance | F43: Director | G43: 43800 | H43: C | I43: name@company/org | J43: 098-765-4321 | M43: =PROPER(TRIM(CLEAN(A43:A1042))) -> Bob | N43: 30 | O43: =IF(ISNUMBER(N43),N43,MEDIAN($N$2:$N$1001)) -> 30 | P43: 50000 | Q43: =IF(ISNUMBER(P43),P43,MEDIAN(P43:P1042)) -> 50000 | R43: =PROPER(TRIM(CLEAN(D43:D1042))) -> Female | S43: =TRIM(CLEAN(E43:E1042)) -> Finance | T43: =TRIM(CLEAN(F43:F1042)) -> Director | U43: 43800 | V43: C | W43: name@company/org | X43: =IF( OR(TRIM(W43)="",LOWER(W43)="nan"), "Email not provided", W43 ) -> name@company/org | Y43: =SUBSTITUTE(X43,"/",".") -> name@company.org | Z43: =IF(OR(TRIM(J43)="", LOWER(J43)="nan"), "Phone not provided", TRIM(J43)) -> 098-765-4321
A44: jack | B44: 25 | C44: 60000 | D44: Other | E44: Marketing | F44: Director | G44: 43881 | H44: B | I44: nan | J44: 123-456-7890 | M44: =PROPER(TRIM(CLEAN(A44:A1043))) -> Jack | N44: 25 | O44: =IF(ISNUMBER(N44),N44,MEDIAN($N$2:$N$1001)) -> 25 | P44: 60000 | Q44: =IF(ISNUMBER(P44),P44,MEDIAN(P44:P1043)) -> 60000 | R44: =PROPER(TRIM(CLEAN(D44:D1043))) -> Other | S44: =TRIM(CLEAN(E44:E1043)) -> Marketing | T44: =TRIM(CLEAN(F44:F1043)) -> Director | U44: 43881 | V44: B | W44: nan | X44: =IF( OR(TRIM(W44)="",LOWER(W44)="nan"), "Email not provided", W44 ) -> Email not provided | Y44: =SUBSTITUTE(X44,"/",".") -> Email not provided | Z44: =IF(OR(TRIM(J44)="", LOWER(J44)="nan"), "Phone not provided", TRIM(J44)) -> 123-456-7890
A45: ivy | B45: 35 | C45: 70000 | D45: Male | E45: IT | F45: Analyst | G45: 43845 | H45: A | J45: 555-555-5555 | M45: =PROPER(TRIM(CLEAN(A45:A1044))) -> Ivy | N45: 35 | O45: =IF(ISNUMBER(N45),N45,MEDIAN($N$2:$N$1001)) -> 35 | P45: 70000 | Q45: =IF(ISNUMBER(P45),P45,MEDIAN(P45:P1044)) -> 70000 | R45: =PROPER(TRIM(CLEAN(D45:D1044))) -> Male | S45: =TRIM(CLEAN(E45:E1044)) -> IT | T45: =TRIM(CLEAN(F45:F1044)) -> Analyst | U45: 43845 | V45: A | X45: =IF( OR(TRIM(W45)="",LOWER(W45)="nan"), "Email not provided", W45 ) -> Email not provided | Y45: =SUBSTITUTE(X45,"/",".") -> Email not provided | Z45: =IF(OR(TRIM(J45)="", LOWER(J45)="nan"), "Phone not provided", TRIM(J45)) -> 555-555-5555
A46: jack | B46: nan | C46: 60000 | D46: Other | E46: Sales | F46: Analyst | G46: 43549 | H46: D | I46: nan | J46: 123-456-7890 | M46: =PROPER(TRIM(CLEAN(A46:A1045))) -> Jack | N46: nan | O46: =IF(ISNUMBER(N46),N46,MEDIAN($N$2:$N$1001)) -> 35 | P46: 60000 | Q46: =IF(ISNUMBER(P46),P46,MEDIAN(P46:P1045)) -> 60000 | R46: =PROPER(TRIM(CLEAN(D46:D1045))) -> Other | S46: =TRIM(CLEAN(E46:E1045)) -> Sales | T46: =TRIM(CLEAN(F46:F1045)) -> Analyst | U46: 43549 | V46: D | W46: nan | X46: =IF( OR(TRIM(W46)="",LOWER(W46)="nan"), "Email not provided", W46 ) -> Email not provided | Y46: =SUBSTITUTE(X46,"/",".") -> Email not provided | Z46: =IF(OR(TRIM(J46)="", LOWER(J46)="nan"), "Phone not provided", TRIM(J46)) -> 123-456-7890
A47: eve | B47: 25 | C47: 50000 | D47: Female | E47: Marketing | F47: Manager | G47: 43549 | H47: B | J47: nan | M47: =PROPER(TRIM(CLEAN(A47:A1046))) -> Eve | N47: 25 | O47: =IF(ISNUMBER(N47),N47,MEDIAN($N$2:$N$1001)) -> 25 | P47: 50000 | Q47: =IF(ISNUMBER(P47),P47,MEDIAN(P47:P1046)) -> 50000 | R47: =PROPER(TRIM(CLEAN(D47:D1046))) -> Female | S47: =TRIM(CLEAN(E47:E1046)) -> Marketing | T47: =TRIM(CLEAN(F47:F1046)) -> Manager | U47: 43549 | V47: B | X47: =IF( OR(TRIM(W47)="",LOWER(W47)="nan"), "Email not provided", W47 ) -> Email not provided | Y47: =SUBSTITUTE(X47,"/",".") -> Email not provided | Z47: =IF(OR(TRIM(J47)="", LOWER(J47)="nan"), "Phone not provided", TRIM(J47)) -> Phone not provided
A48: bob | B48: 30 | C48: NAN | D48: Other | E48: HR | F48: Assistant | G48: 43549 | H48: A | I48: email@example/com | J48: 098-765-4321 | M48: =PROPER(TRIM(CLEAN(A48:A1047))) -> Bob | N48: 30 | O48: =IF(ISNUMBER(N48),N48,MEDIAN($N$2:$N$1001)) -> 30 | P48: NAN | Q48: =IF(ISNUMBER(P48),P48,MEDIAN(P48:P1047)) -> 60000 | R48: =PROPER(TRIM(CLEAN(D48:D1047))) -> Other | S48: =TRIM(CLEAN(E48:E1047)) -> HR | T48: =TRIM(CLEAN(F48:F1047)) -> Assistant | U48: 43549 | V48: A | W48: email@example/com | X48: =IF( OR(TRIM(W48)="",LOWER(W48)="nan"), "Email not provided", W48 ) -> email@example/com | Y48: =SUBSTITUTE(X48,"/",".") -> email@example.com | Z48: =IF(OR(TRIM(J48)="", LOWER(J48)="nan"), "Phone not provided", TRIM(J48)) -> 098-765-4321
A49: david | B49: 35 | C49: NAN | D49: Male | E49: Sales | F49: Assistant | G49: 43800 | H49: F | I49: user@domain/com | J49: 098-765-4321 | M49: =PROPER(TRIM(CLEAN(A49:A1048))) -> David | N49: 35 | O49: =IF(ISNUMBER(N49),N49,MEDIAN($N$2:$N$1001)) -> 35 | P49: NAN | Q49: =IF(ISNUMBER(P49),P49,MEDIAN(P49:P1048)) -> 60000 | R49: =PROPER(TRIM(CLEAN(D49:D1048))) -> Male | S49: =TRIM(CLEAN(E49:E1048)) -> Sales | T49: =TRIM(CLEAN(F49:F1048)) -> Assistant | U49: 43800 | V49: F | W49: user@domain/com | X49: =IF( OR(TRIM(W49)="",LOWER(W49)="nan"), "Email not provided", W49 ) -> user@domain/com | Y49: =SUBSTITUTE(X49,"/",".") -> user@domain.com | Z49: =IF(OR(TRIM(J49)="", LOWER(J49)="nan"), "Phone not provided", TRIM(J49)) -> 098-765-4321
A50: grace | B50: 50 | C50: 50000 | D50: Male | E50: IT | F50: Director | G50: 43881 | H50: C | I50: nan | J50: 555-555-5555 | M50: =PROPER(TRIM(CLEAN(A50:A1049))) -> Grace | N50: 50 | O50: =IF(ISNUMBER(N50),N50,MEDIAN($N$2:$N$1001)) -> 50 | P50: 50000 | Q50: =IF(ISNUMBER(P50),P50,MEDIAN(P50:P1049)) -> 50000 | R50: =PROPER(TRIM(CLEAN(D50:D1049))) -> Male | S50: =TRIM(CLEAN(E50:E1049)) -> IT | T50: =TRIM(CLEAN(F50:F1049)) -> Director | U50: 43881 | V50: C | W50: nan | X50: =IF( OR(TRIM(W50)="",LOWER(W50)="nan"), "Email not provided", W50 ) -> Email not provided | Y50: =SUBSTITUTE(X50,"/",".") -> Email not provided | Z50: =IF(OR(TRIM(J50)="", LOWER(J50)="nan"), "Phone not provided", TRIM(J50)) -> 555-555-5555
A51: hannah | B51: 30 | C51: 70000 | D51: Female | E51: Marketing | F51: Manager | G51: 43800 | H51: D | I51: nan | J51: 098-765-4321 | M51: =PROPER(TRIM(CLEAN(A51:A1050))) -> Hannah | N51: 30 | O51: =IF(ISNUMBER(N51),N51,MEDIAN($N$2:$N$1001)) -> 30 | P51: 70000 | Q51: =IF(ISNUMBER(P51),P51,MEDIAN(P51:P1050)) -> 70000 | R51: =PROPER(TRIM(CLEAN(D51:D1050))) -> Female | S51: =TRIM(CLEAN(E51:E1050)) -> Marketing | T51: =TRIM(CLEAN(F51:F1050)) -> Manager | U51: 43800 | V51: D | W51: nan | X51: =IF( OR(TRIM(W51)="",LOWER(W51)="nan"), "Email not provided", W51 ) -> Email not provided | Y51: =SUBSTITUTE(X51,"/",".") -> Email not provided | Z51: =IF(OR(TRIM(J51)="", LOWER(J51)="nan"), "Phone not provided", TRIM(J51)) -> 098-765-4321
A52: charlie | B52: 30 | C52: 50000 | D52: Female | E52: Sales | F52: Assistant | G52: 43195 | H52: D | I52: user@domain/com | J52: 098-765-4321 | M52: =PROPER(TRIM(CLEAN(A52:A1051))) -> Charlie | N52: 30 | O52: =IF(ISNUMBER(N52),N52,MEDIAN($N$2:$N$1001)) -> 30 | P52: 50000 | Q52: =IF(ISNUMBER(P52),P52,MEDIAN(P52:P1051)) -> 50000 | R52: =PROPER(TRIM(CLEAN(D52:D1051))) -> Female | S52: =TRIM(CLEAN(E52:E1051)) -> Sales | T52: =TRIM(CLEAN(F52:F1051)) -> Assistant | U52: 43195 | V52: D | W52: user@domain/com | X52: =IF( OR(TRIM(W52)="",LOWER(W52)="nan"), "Email not provided", W52 ) -> user@domain/com | Y52: =SUBSTITUTE(X52,"/",".") -> user@domain.com | Z52: =IF(OR(TRIM(J52)="", LOWER(J52)="nan"), "Phone not provided", TRIM(J52)) -> 098-765-4321
A53: alice | B53: 35 | C53: 65000 | D53: Other | E53: Marketing | F53: Manager | G53: 43845 | H53: D | I53: nan | J53: 098-765-4321 | M53: =PROPER(TRIM(CLEAN(A53:A1052))) -> Alice | N53: 35 | O53: =IF(ISNUMBER(N53),N53,MEDIAN($N$2:$N$1001)) -> 35 | P53: 65000 | Q53: =IF(ISNUMBER(P53),P53,MEDIAN(P53:P1052)) -> 65000 | R53: =PROPER(TRIM(CLEAN(D53:D1052))) -> Other | S53: =TRIM(CLEAN(E53:E1052)) -> Marketing | T53: =TRIM(CLEAN(F53:F1052)) -> Manager | U53: 43845 | V53: D | W53: nan | X53: =IF( OR(TRIM(W53)="",LOWER(W53)="nan"), "Email not provided", W53 ) -> Email not provided | Y53: =SUBSTITUTE(X53,"/",".") -> Email not provided | Z53: =IF(OR(TRIM(J53)="", LOWER(J53)="nan"), "Phone not provided", TRIM(J53)) -> 098-765-4321
A54: david | B54: 30 | C54: 55000 | D54: Female | E54: Marketing | F54: Manager | G54: 43845 | H54: C | I54: nan | J54: 098-765-4321 | M54: =PROPER(TRIM(CLEAN(A54:A1053))) -> David | N54: 30 | O54: =IF(ISNUMBER(N54),N54,MEDIAN($N$2:$N$1001)) -> 30 | P54: 55000 | Q54: =IF(ISNUMBER(P54),P54,MEDIAN(P54:P1053)) -> 55000 | R54: =PROPER(TRIM(CLEAN(D54:D1053))) -> Female | S54: =TRIM(CLEAN(E54:E1053)) -> Marketing | T54: =TRIM(CLEAN(F54:F1053)) -> Manager | U54: 43845 | V54: C | W54: nan | X54: =IF( OR(TRIM(W54)="",LOWER(W54)="nan"), "Email not provided", W54 ) -> Email not provided | Y54: =SUBSTITUTE(X54,"/",".") -> Email not provided | Z54: =IF(OR(TRIM(J54)="", LOWER(J54)="nan"), "Phone not provided", TRIM(J54)) -> 098-765-4321
A55: bob | B55: 35 | C55: 70000 | D55: Female | E55: IT | F55: Director | G55: 43549 | H55: A | J55: 098-765-4321 | M55: =PROPER(TRIM(CLEAN(A55:A1054))) -> Bob | N55: 35 | O55: =IF(ISNUMBER(N55),N55,MEDIAN($N$2:$N$1001)) -> 35 | P55: 70000 | Q55: =IF(ISNUMBER(P55),P55,MEDIAN(P55:P1054)) -> 70000 | R55: =PROPER(TRIM(CLEAN(D55:D1054))) -> Female | S55: =TRIM(CLEAN(E55:E1054)) -> IT | T55: =TRIM(CLEAN(F55:F1054)) -> Director | U55: 43549 | V55: A | X55: =IF( OR(TRIM(W55)="",LOWER(W55)="nan"), "Email not provided", W55 ) -> Email not provided | Y55: =SUBSTITUTE(X55,"/",".") -> Email not provided | Z55: =IF(OR(TRIM(J55)="", LOWER(J55)="nan"), "Phone not provided", TRIM(J55)) -> 098-765-4321
A56: hannah | B56: 25 | C56: 60000 | D56: Male | E56: Finance | F56: Manager | G56: 43549 | H56: B | J56: nan | M56: =PROPER(TRIM(CLEAN(A56:A1055))) -> Hannah | N56: 25 | O56: =IF(ISNUMBER(N56),N56,MEDIAN($N$2:$N$1001)) -> 25 | P56: 60000 | Q56: =IF(ISNUMBER(P56),P56,MEDIAN(P56:P1055)) -> 60000 | R56: =PROPER(TRIM(CLEAN(D56:D1055))) -> Male | S56: =TRIM(CLEAN(E56:E1055)) -> Finance | T56: =TRIM(CLEAN(F56:F1055)) -> Manager | U56: 43549 | V56: B | X56: =IF( OR(TRIM(W56)="",LOWER(W56)="nan"), "Email not provided", W56 ) -> Email not provided | Y56: =SUBSTITUTE(X56,"/",".") -> Email not provided | Z56: =IF(OR(TRIM(J56)="", LOWER(J56)="nan"), "Phone not provided", TRIM(J56)) -> Phone not provided
A57: david | B57: 35 | C57: 65000 | D57: Female | E57: Sales | F57: Analyst | G57: 43549 | H57: A | I57: user@domain/com | J57: 123-456-7890 | M57: =PROPER(TRIM(CLEAN(A57:A1056))) -> David | N57: 35 | O57: =IF(ISNUMBER(N57),N57,MEDIAN($N$2:$N$1001)) -> 35 | P57: 65000 | Q57: =IF(ISNUMBER(P57),P57,MEDIAN(P57:P1056)) -> 65000 | R57: =PROPER(TRIM(CLEAN(D57:D1056))) -> Female | S57: =TRIM(CLEAN(E57:E1056)) -> Sales | T57: =TRIM(CLEAN(F57:F1056)) -> Analyst | U57: 43549 | V57: A | W57: user@domain/com | X57: =IF( OR(TRIM(W57)="",LOWER(W57)="nan"), "Email not provided", W57 ) -> user@domain/com | Y57: =SUBSTITUTE(X57,"/",".") -> user@domain.com | Z57: =IF(OR(TRIM(J57)="", LOWER(J57)="nan"), "Phone not provided", TRIM(J57)) -> 123-456-7890
A58: bob | B58: 35 | C58: 70000 | D58: Female | E58: IT | F58: Analyst | G58: 43881 | H58: B | I58: email@example/com | M58: =PROPER(TRIM(CLEAN(A58:A1057))) -> Bob | N58: 35 | O58: =IF(ISNUMBER(N58),N58,MEDIAN($N$2:$N$1001)) -> 35 | P58: 70000 | Q58: =IF(ISNUMBER(P58),P58,MEDIAN(P58:P1057)) -> 70000 | R58: =PROPER(TRIM(CLEAN(D58:D1057))) -> Female | S58: =TRIM(CLEAN(E58:E1057)) -> IT | T58: =TRIM(CLEAN(F58:F1057)) -> Analyst | U58: 43881 | V58: B | W58: email@example/com | X58: =IF( OR(TRIM(W58)="",LOWER(W58)="nan"), "Email not provided", W58 ) -> email@example/com | Y58: =SUBSTITUTE(X58,"/",".") -> email@example.com | Z58: =IF(OR(TRIM(J58)="", LOWER(J58)="nan"), "Phone not provided", TRIM(J58)) -> Phone not provided
A59: frank | B59: nan | C59: 50000 | D59: Male | E59: Marketing | F59: Clerk | G59: 43195 | H59: D | I59: nan | J59: 098-765-4321 | M59: =PROPER(TRIM(CLEAN(A59:A1058))) -> Frank | N59: nan | O59: =IF(ISNUMBER(N59),N59,MEDIAN($N$2:$N$1001)) -> 35 | P59: 50000 | Q59: =IF(ISNUMBER(P59),P59,MEDIAN(P59:P1058)) -> 50000 | R59: =PROPER(TRIM(CLEAN(D59:D1058))) -> Male | S59: =TRIM(CLEAN(E59:E1058)) -> Marketing | T59: =TRIM(CLEAN(F59:F1058)) -> Clerk | U59: 43195 | V59: D | W59: nan | X59: =IF( OR(TRIM(W59)="",LOWER(W59)="nan"), "Email not provided", W59 ) -> Email not provided | Y59: =SUBSTITUTE(X59,"/",".") -> Email not provided | Z59: =IF(OR(TRIM(J59)="", LOWER(J59)="nan"), "Phone not provided", TRIM(J59)) -> 098-765-4321
A60: frank | B60: 35 | C60: 50000 | D60: Male | E60: IT | F60: Director | G60: 43195 | H60: A | I60: email@example/com | M60: =PROPER(TRIM(CLEAN(A60:A1059))) -> Frank | N60: 35 | O60: =IF(ISNUMBER(N60),N60,MEDIAN($N$2:$N$1001)) -> 35 | P60: 50000 | Q60: =IF(ISNUMBER(P60),P60,MEDIAN(P60:P1059)) -> 50000 | R60: =PROPER(TRIM(CLEAN(D60:D1059))) -> Male | S60: =TRIM(CLEAN(E60:E1059)) -> IT | T60: =TRIM(CLEAN(F60:F1059)) -> Director | U60: 43195 | V60: A | W60: email@example/com | X60: =IF( OR(TRIM(W60)="",LOWER(W60)="nan"), "Email not provided", W60 ) -> email@example/com | Y60: =SUBSTITUTE(X60,"/",".") -> email@example.com | Z60: =IF(OR(TRIM(J60)="", LOWER(J60)="nan"), "Phone not provided", TRIM(J60)) -> Phone not provided
A61: jack | B61: 35 | C61: 50000 | D61: Other | E61: Finance | F61: Clerk | G61: 43195 | H61: D | I61: user@domain/com | M61: =PROPER(TRIM(CLEAN(A61:A1060))) -> Jack | N61: 35 | O61: =IF(ISNUMBER(N61),N61,MEDIAN($N$2:$N$1001)) -> 35 | P61: 50000 | Q61: =IF(ISNUMBER(P61),P61,MEDIAN(P61:P1060)) -> 50000 | R61: =PROPER(TRIM(CLEAN(D61:D1060))) -> Other | S61: =TRIM(CLEAN(E61:E1060)) -> Finance | T61: =TRIM(CLEAN(F61:F1060)) -> Clerk | U61: 43195 | V61: D | W61: user@domain/com | X61: =IF( OR(TRIM(W61)="",LOWER(W61)="nan"), "Email not provided", W61 ) -> user@domain/com | Y61: =SUBSTITUTE(X61,"/",".") -> user@domain.com | Z61: =IF(OR(TRIM(J61)="", LOWER(J61)="nan"), "Phone not provided", TRIM(J61)) -> Phone not provided
A62: david | B62: 50 | C62: 50000 | D62: Female | E62: Sales | F62: Analyst | G62: 43195 | H62: F | I62: user@domain/com | J62: nan | M62: =PROPER(TRIM(CLEAN(A62:A1061))) -> David | N62: 50 | O62: =IF(ISNUMBER(N62),N62,MEDIAN($N$2:$N$1001)) -> 50 | P62: 50000 | Q62: =IF(ISNUMBER(P62),P62,MEDIAN(P62:P1061)) -> 50000 | R62: =PROPER(TRIM(CLEAN(D62:D1061))) -> Female | S62: =TRIM(CLEAN(E62:E1061)) -> Sales | T62: =TRIM(CLEAN(F62:F1061)) -> Analyst | U62: 43195 | V62: F | W62: user@domain/com | X62: =IF( OR(TRIM(W62)="",LOWER(W62)="nan"), "Email not provided", W62 ) -> user@domain/com | Y62: =SUBSTITUTE(X62,"/",".") -> user@domain.com | Z62: =IF(OR(TRIM(J62)="", LOWER(J62)="nan"), "Phone not provided", TRIM(J62)) -> Phone not provided
A63: frank | B63: 25 | C63: 60000 | D63: Male | E63: Finance | F63: Clerk | G63: 43549 | H63: D | J63: 098-765-4321 | M63: =PROPER(TRIM(CLEAN(A63:A1062))) -> Frank | N63: 25 | O63: =IF(ISNUMBER(N63),N63,MEDIAN($N$2:$N$1001)) -> 25 | P63: 60000 | Q63: =IF(ISNUMBER(P63),P63,MEDIAN(P63:P1062)) -> 60000 | R63: =PROPER(TRIM(CLEAN(D63:D1062))) -> Male | S63: =TRIM(CLEAN(E63:E1062)) -> Finance | T63: =TRIM(CLEAN(F63:F1062)) -> Clerk | U63: 43549 | V63: D | X63: =IF( OR(TRIM(W63)="",LOWER(W63)="nan"), "Email not provided", W63 ) -> Email not provided | Y63: =SUBSTITUTE(X63,"/",".") -> Email not provided | Z63: =IF(OR(TRIM(J63)="", LOWER(J63)="nan"), "Phone not provided", TRIM(J63)) -> 098-765-4321
A64: bob | B64: nan | C64: 65000 | D64: Other | E64: HR | F64: Director | G64: 43845 | H64: D | I64: nan | M64: =PROPER(TRIM(CLEAN(A64:A1063))) -> Bob | N64: nan | O64: =IF(ISNUMBER(N64),N64,MEDIAN($N$2:$N$1001)) -> 35 | P64: 65000 | Q64: =IF(ISNUMBER(P64),P64,MEDIAN(P64:P1063)) -> 65000 | R64: =PROPER(TRIM(CLEAN(D64:D1063))) -> Other | S64: =TRIM(CLEAN(E64:E1063)) -> HR | T64: =TRIM(CLEAN(F64:F1063)) -> Director | U64: 43845 | V64: D | W64: nan | X64: =IF( OR(TRIM(W64)="",LOWER(W64)="nan"), "Email not provided", W64 ) -> Email not provided | Y64: =SUBSTITUTE(X64,"/",".") -> Email not provided | Z64: =IF(OR(TRIM(J64)="", LOWER(J64)="nan"), "Phone not provided", TRIM(J64)) -> Phone not provided
A65: jack | B65: 50 | C65: NAN | D65: Other | E65: Sales | F65: Director | G65: 43549 | H65: B | I65: name@company/org | J65: 098-765-4321 | M65: =PROPER(TRIM(CLEAN(A65:A1064))) -> Jack | N65: 50 | O65: =IF(ISNUMBER(N65),N65,MEDIAN($N$2:$N$1001)) -> 50 | P65: NAN | Q65: =IF(ISNUMBER(P65),P65,MEDIAN(P65:P1064)) -> 60000 | R65: =PROPER(TRIM(CLEAN(D65:D1064))) -> Other | S65: =TRIM(CLEAN(E65:E1064)) -> Sales | T65: =TRIM(CLEAN(F65:F1064)) -> Director | U65: 43549 | V65: B | W65: name@company/org | X65: =IF( OR(TRIM(W65)="",LOWER(W65)="nan"), "Email not provided", W65 ) -> name@company/org | Y65: =SUBSTITUTE(X65,"/",".") -> name@company.org | Z65: =IF(OR(TRIM(J65)="", LOWER(J65)="nan"), "Phone not provided", TRIM(J65)) -> 098-765-4321
A66: bob | B66: 40 | C66: 55000 | D66: Female | E66: Finance | F66: Manager | G66: 43195 | H66: F | I66: user@domain/com | J66: 555-555-5555 | M66: =PROPER(TRIM(CLEAN(A66:A1065))) -> Bob | N66: 40 | O66: =IF(ISNUMBER(N66),N66,MEDIAN($N$2:$N$1001)) -> 40 | P66: 55000 | Q66: =IF(ISNUMBER(P66),P66,MEDIAN(P66:P1065)) -> 55000 | R66: =PROPER(TRIM(CLEAN(D66:D1065))) -> Female | S66: =TRIM(CLEAN(E66:E1065)) -> Finance | T66: =TRIM(CLEAN(F66:F1065)) -> Manager | U66: 43195 | V66: F | W66: user@domain/com | X66: =IF( OR(TRIM(W66)="",LOWER(W66)="nan"), "Email not provided", W66 ) -> user@domain/com | Y66: =SUBSTITUTE(X66,"/",".") -> user@domain.com | Z66: =IF(OR(TRIM(J66)="", LOWER(J66)="nan"), "Phone not provided", TRIM(J66)) -> 555-555-5555
A67: jack | B67: 25 | C67: 60000 | D67: Female | E67: Marketing | F67: Assistant | G67: 43549 | H67: D | I67: nan | J67: 555-555-5555 | M67: =PROPER(TRIM(CLEAN(A67:A1066))) -> Jack | N67: 25 | O67: =IF(ISNUMBER(N67),N67,MEDIAN($N$2:$N$1001)) -> 25 | P67: 60000 | Q67: =IF(ISNUMBER(P67),P67,MEDIAN(P67:P1066)) -> 60000 | R67: =PROPER(TRIM(CLEAN(D67:D1066))) -> Female | S67: =TRIM(CLEAN(E67:E1066)) -> Marketing | T67: =TRIM(CLEAN(F67:F1066)) -> Assistant | U67: 43549 | V67: D | W67: nan | X67: =IF( OR(TRIM(W67)="",LOWER(W67)="nan"), "Email not provided", W67 ) -> Email not provided | Y67: =SUBSTITUTE(X67,"/",".") -> Email not provided | Z67: =IF(OR(TRIM(J67)="", LOWER(J67)="nan"), "Phone not provided", TRIM(J67)) -> 555-555-5555
A68: david | B68: 25 | C68: 60000 | D68: Other | E68: Sales | F68: Manager | G68: 43195 | H68: D | I68: email@example/com | J68: 555-555-5555 | M68: =PROPER(TRIM(CLEAN(A68:A1067))) -> David | N68: 25 | O68: =IF(ISNUMBER(N68),N68,MEDIAN($N$2:$N$1001)) -> 25 | P68: 60000 | Q68: =IF(ISNUMBER(P68),P68,MEDIAN(P68:P1067)) -> 60000 | R68: =PROPER(TRIM(CLEAN(D68:D1067))) -> Other | S68: =TRIM(CLEAN(E68:E1067)) -> Sales | T68: =TRIM(CLEAN(F68:F1067)) -> Manager | U68: 43195 | V68: D | W68: email@example/com | X68: =IF( OR(TRIM(W68)="",LOWER(W68)="nan"), "Email not provided", W68 ) -> email@example/com | Y68: =SUBSTITUTE(X68,"/",".") -> email@example.com | Z68: =IF(OR(TRIM(J68)="", LOWER(J68)="nan"), "Phone not provided", TRIM(J68)) -> 555-555-5555
A69: hannah | B69: 40 | C69: NAN | D69: Male | E69: Sales | F69: Director | G69: 43800 | H69: F | M69: =PROPER(TRIM(CLEAN(A69:A1068))) -> Hannah | N69: 40 | O69: =IF(ISNUMBER(N69),N69,MEDIAN($N$2:$N$1001)) -> 40 | P69: NAN | Q69: =IF(ISNUMBER(P69),P69,MEDIAN(P69:P1068)) -> 60000 | R69: =PROPER(TRIM(CLEAN(D69:D1068))) -> Male | S69: =TRIM(CLEAN(E69:E1068)) -> Sales | T69: =TRIM(CLEAN(F69:F1068)) -> Director | U69: 43800 | V69: F | X69: =IF( OR(TRIM(W69)="",LOWER(W69)="nan"), "Email not provided", W69 ) -> Email not provided | Y69: =SUBSTITUTE(X69,"/",".") -> Email not provided | Z69: =IF(OR(TRIM(J69)="", LOWER(J69)="nan"), "Phone not provided", TRIM(J69)) -> Phone not provided
A70: grace | B70: 35 | C70: NAN | D70: Other | E70: IT | F70: Analyst | G70: 43845 | H70: F | I70: email@example/com | J70: 555-555-5555 | M70: =PROPER(TRIM(CLEAN(A70:A1069))) -> Grace | N70: 35 | O70: =IF(ISNUMBER(N70),N70,MEDIAN($N$2:$N$1001)) -> 35 | P70: NAN | Q70: =IF(ISNUMBER(P70),P70,MEDIAN(P70:P1069)) -> 60000 | R70: =PROPER(TRIM(CLEAN(D70:D1069))) -> Other | S70: =TRIM(CLEAN(E70:E1069)) -> IT | T70: =TRIM(CLEAN(F70:F1069)) -> Analyst | U70: 43845 | V70: F | W70: email@example/com | X70: =IF( OR(TRIM(W70)="",LOWER(W70)="nan"), "Email not provided", W70 ) -> email@example/com | Y70: =SUBSTITUTE(X70,"/",".") -> email@example.com | Z70: =IF(OR(TRIM(J70)="", LOWER(J70)="nan"), "Phone not provided", TRIM(J70)) -> 555-555-5555
A71: ivy | B71: 50 | C71: 55000 | D71: Female | E71: Marketing | F71: Analyst | G71: 43800 | H71: A | I71: user@domain/com | J71: nan | M71: =PROPER(TRIM(CLEAN(A71:A1070))) -> Ivy | N71: 50 | O71: =IF(ISNUMBER(N71),N71,MEDIAN($N$2:$N$1001)) -> 50 | P71: 55000 | Q71: =IF(ISNUMBER(P71),P71,MEDIAN(P71:P1070)) -> 55000 | R71: =PROPER(TRIM(CLEAN(D71:D1070))) -> Female | S71: =TRIM(CLEAN(E71:E1070)) -> Marketing | T71: =TRIM(CLEAN(F71:F1070)) -> Analyst | U71: 43800 | V71: A | W71: user@domain/com | X71: =IF( OR(TRIM(W71)="",LOWER(W71)="nan"), "Email not provided", W71 ) -> user@domain/com | Y71: =SUBSTITUTE(X71,"/",".") -> user@domain.com | Z71: =IF(OR(TRIM(J71)="", LOWER(J71)="nan"), "Phone not provided", TRIM(J71)) -> Phone not provided
A72: hannah | B72: 30 | C72: 55000 | D72: Male | E72: HR | F72: Manager | G72: 43881 | H72: B | I72: user@domain/com | J72: nan | M72: =PROPER(TRIM(CLEAN(A72:A1071))) -> Hannah | N72: 30 | O72: =IF(ISNUMBER(N72),N72,MEDIAN($N$2:$N$1001)) -> 30 | P72: 55000 | Q72: =IF(ISNUMBER(P72),P72,MEDIAN(P72:P1071)) -> 55000 | R72: =PROPER(TRIM(CLEAN(D72:D1071))) -> Male | S72: =TRIM(CLEAN(E72:E1071)) -> HR | T72: =TRIM(CLEAN(F72:F1071)) -> Manager | U72: 43881 | V72: B | W72: user@domain/com | X72: =IF( OR(TRIM(W72)="",LOWER(W72)="nan"), "Email not provided", W72 ) -> user@domain/com | Y72: =SUBSTITUTE(X72,"/",".") -> user@domain.com | Z72: =IF(OR(TRIM(J72)="", LOWER(J72)="nan"), "Phone not provided", TRIM(J72)) -> Phone not provided
A73: eve | B73: nan | C73: NAN | D73: Male | E73: Finance | F73: Director | G73: 43549 | H73: F | I73: email@example/com | M73: =PROPER(TRIM(CLEAN(A73:A1072))) -> Eve | N73: nan | O73: =IF(ISNUMBER(N73),N73,MEDIAN($N$2:$N$1001)) -> 35 | P73: NAN | Q73: =IF(ISNUMBER(P73),P73,MEDIAN(P73:P1072)) -> 60000 | R73: =PROPER(TRIM(CLEAN(D73:D1072))) -> Male | S73: =TRIM(CLEAN(E73:E1072)) -> Finance | T73: =TRIM(CLEAN(F73:F1072)) -> Director | U73: 43549 | V73: F | W73: email@example/com | X73: =IF( OR(TRIM(W73)="",LOWER(W73)="nan"), "Email not provided", W73 ) -> email@example/com | Y73: =SUBSTITUTE(X73,"/",".") -> email@example.com | Z73: =IF(OR(TRIM(J73)="", LOWER(J73)="nan"), "Phone not provided", TRIM(J73)) -> Phone not provided
A74: bob | B74: 30 | C74: 50000 | D74: Other | E74: IT | F74: Analyst | G74: 43881 | H74: F | I74: user@domain/com | J74: 098-765-4321 | M74: =PROPER(TRIM(CLEAN(A74:A1073))) -> Bob | N74: 30 | O74: =IF(ISNUMBER(N74),N74,MEDIAN($N$2:$N$1001)) -> 30 | P74: 50000 | Q74: =IF(ISNUMBER(P74),P74,MEDIAN(P74:P1073)) -> 50000 | R74: =PROPER(TRIM(CLEAN(D74:D1073))) -> Other | S74: =TRIM(CLEAN(E74:E1073)) -> IT | T74: =TRIM(CLEAN(F74:F1073)) -> Analyst | U74: 43881 | V74: F | W74: user@domain/com | X74: =IF( OR(TRIM(W74)="",LOWER(W74)="nan"), "Email not provided", W74 ) -> user@domain/com | Y74: =SUBSTITUTE(X74,"/",".") -> user@domain.com | Z74: =IF(OR(TRIM(J74)="", LOWER(J74)="nan"), "Phone not provided", TRIM(J74)) -> 098-765-4321
A75: eve | B75: 40 | C75: 60000 | D75: Female | E75: Finance | F75: Director | G75: 43549 | H75: C | I75: nan | J75: 123-456-7890 | M75: =PROPER(TRIM(CLEAN(A75:A1074))) -> Eve | N75: 40 | O75: =IF(ISNUMBER(N75),N75,MEDIAN($N$2:$N$1001)) -> 40 | P75: 60000 | Q75: =IF(ISNUMBER(P75),P75,MEDIAN(P75:P1074)) -> 60000 | R75: =PROPER(TRIM(CLEAN(D75:D1074))) -> Female | S75: =TRIM(CLEAN(E75:E1074)) -> Finance | T75: =TRIM(CLEAN(F75:F1074)) -> Director | U75: 43549 | V75: C | W75: nan | X75: =IF( OR(TRIM(W75)="",LOWER(W75)="nan"), "Email not provided", W75 ) -> Email not provided | Y75: =SUBSTITUTE(X75,"/",".") -> Email not provided | Z75: =IF(OR(TRIM(J75)="", LOWER(J75)="nan"), "Phone not provided", TRIM(J75)) -> 123-456-7890
A76: hannah | B76: 25 | C76: 70000 | D76: Other | E76: HR | F76: Analyst | G76: 43800 | H76: F | I76: user@domain/com | J76: 098-765-4321 | M76: =PROPER(TRIM(CLEAN(A76:A1075))) -> Hannah | N76: 25 | O76: =IF(ISNUMBER(N76),N76,MEDIAN($N$2:$N$1001)) -> 25 | P76: 70000 | Q76: =IF(ISNUMBER(P76),P76,MEDIAN(P76:P1075)) -> 70000 | R76: =PROPER(TRIM(CLEAN(D76:D1075))) -> Other | S76: =TRIM(CLEAN(E76:E1075)) -> HR | T76: =TRIM(CLEAN(F76:F1075)) -> Analyst | U76: 43800 | V76: F | W76: user@domain/com | X76: =IF( OR(TRIM(W76)="",LOWER(W76)="nan"), "Email not provided", W76 ) -> user@domain/com | Y76: =SUBSTITUTE(X76,"/",".") -> user@domain.com | Z76: =IF(OR(TRIM(J76)="", LOWER(J76)="nan"), "Phone not provided", TRIM(J76)) -> 098-765-4321
A77: jack | B77: 25 | C77: 55000 | D77: Other | E77: HR | F77: Director | G77: 43195 | H77: B | J77: 098-765-4321 | M77: =PROPER(TRIM(CLEAN(A77:A1076))) -> Jack | N77: 25 | O77: =IF(ISNUMBER(N77),N77,MEDIAN($N$2:$N$1001)) -> 25 | P77: 55000 | Q77: =IF(ISNUMBER(P77),P77,MEDIAN(P77:P1076)) -> 55000 | R77: =PROPER(TRIM(CLEAN(D77:D1076))) -> Other | S77: =TRIM(CLEAN(E77:E1076)) -> HR | T77: =TRIM(CLEAN(F77:F1076)) -> Director | U77: 43195 | V77: B | X77: =IF( OR(TRIM(W77)="",LOWER(W77)="nan"), "Email not provided", W77 ) -> Email not provided | Y77: =SUBSTITUTE(X77,"/",".") -> Email not provided | Z77: =IF(OR(TRIM(J77)="", LOWER(J77)="nan"), "Phone not provided", TRIM(J77)) -> 098-765-4321
A78: ivy | B78: nan | C78: 55000 | D78: Other | E78: Sales | F78: Clerk | G78: 43195 | H78: D | I78: nan | J78: 098-765-4321 | M78: =PROPER(TRIM(CLEAN(A78:A1077))) -> Ivy | N78: nan | O78: =IF(ISNUMBER(N78),N78,MEDIAN($N$2:$N$1001)) -> 35 | P78: 55000 | Q78: =IF(ISNUMBER(P78),P78,MEDIAN(P78:P1077)) -> 55000 | R78: =PROPER(TRIM(CLEAN(D78:D1077))) -> Other | S78: =TRIM(CLEAN(E78:E1077)) -> Sales | T78: =TRIM(CLEAN(F78:F1077)) -> Clerk | U78: 43195 | V78: D | W78: nan | X78: =IF( OR(TRIM(W78)="",LOWER(W78)="nan"), "Email not provided", W78 ) -> Email not provided | Y78: =SUBSTITUTE(X78,"/",".") -> Email not provided | Z78: =IF(OR(TRIM(J78)="", LOWER(J78)="nan"), "Phone not provided", TRIM(J78)) -> 098-765-4321
A79: ivy | B79: 25 | C79: NAN | D79: Male | E79: HR | F79: Director | G79: 43549 | H79: D | I79: name@company/org | J79: 098-765-4321 | M79: =PROPER(TRIM(CLEAN(A79:A1078))) -> Ivy | N79: 25 | O79: =IF(ISNUMBER(N79),N79,MEDIAN($N$2:$N$1001)) -> 25 | P79: NAN | Q79: =IF(ISNUMBER(P79),P79,MEDIAN(P79:P1078)) -> 60000 | R79: =PROPER(TRIM(CLEAN(D79:D1078))) -> Male | S79: =TRIM(CLEAN(E79:E1078)) -> HR | T79: =TRIM(CLEAN(F79:F1078)) -> Director | U79: 43549 | V79: D | W79: name@company/org | X79: =IF( OR(TRIM(W79)="",LOWER(W79)="nan"), "Email not provided", W79 ) -> name@company/org | Y79: =SUBSTITUTE(X79,"/",".") -> name@company.org | Z79: =IF(OR(TRIM(J79)="", LOWER(J79)="nan"), "Phone not provided", TRIM(J79)) -> 098-765-4321
A80: alice | B80: 25 | C80: 65000 | D80: Male | E80: Finance | F80: Director | G80: 43195 | H80: D | I80: user@domain/com | J80: 123-456-7890 | M80: =PROPER(TRIM(CLEAN(A80:A1079))) -> Alice | N80: 25 | O80: =IF(ISNUMBER(N80),N80,MEDIAN($N$2:$N$1001)) -> 25 | P80: 65000 | Q80: =IF(ISNUMBER(P80),P80,MEDIAN(P80:P1079)) -> 65000 | R80: =PROPER(TRIM(CLEAN(D80:D1079))) -> Male | S80: =TRIM(CLEAN(E80:E1079)) -> Finance | T80: =TRIM(CLEAN(F80:F1079)) -> Director | U80: 43195 | V80: D | W80: user@domain/com | X80: =IF( OR(TRIM(W80)="",LOWER(W80)="nan"), "Email not provided", W80 ) -> user@domain/com | Y80: =SUBSTITUTE(X80,"/",".") -> user@domain.com | Z80: =IF(OR(TRIM(J80)="", LOWER(J80)="nan"), "Phone not provided", TRIM(J80)) -> 123-456-7890
A81: ivy | B81: nan | C81: 70000 | D81: Female | E81: Marketing | F81: Manager | G81: 43800 | H81: D | I81: user@domain/com | J81: 555-555-5555 | M81: =PROPER(TRIM(CLEAN(A81:A1080))) -> Ivy | N81: nan | O81: =IF(ISNUMBER(N81),N81,MEDIAN($N$2:$N$1001)) -> 35 | P81: 70000 | Q81: =IF(ISNUMBER(P81),P81,MEDIAN(P81:P1080)) -> 70000 | R81: =PROPER(TRIM(CLEAN(D81:D1080))) -> Female | S81: =TRIM(CLEAN(E81:E1080)) -> Marketing | T81: =TRIM(CLEAN(F81:F1080)) -> Manager | U81: 43800 | V81: D | W81: user@domain/com | X81: =IF( OR(TRIM(W81)="",LOWER(W81)="nan"), "Email not provided", W81 ) -> user@domain/com | Y81: =SUBSTITUTE(X81,"/",".") -> user@domain.com | Z81: =IF(OR(TRIM(J81)="", LOWER(J81)="nan"), "Phone not provided", TRIM(J81)) -> 555-555-5555
A82: grace | B82: 50 | C82: 70000 | D82: Female | E82: Marketing | F82: Clerk | G82: 43195 | H82: C | J82: 098-765-4321 | M82: =PROPER(TRIM(CLEAN(A82:A1081))) -> Grace | N82: 50 | O82: =IF(ISNUMBER(N82),N82,MEDIAN($N$2:$N$1001)) -> 50 | P82: 70000 | Q82: =IF(ISNUMBER(P82),P82,MEDIAN(P82:P1081)) -> 70000 | R82: =PROPER(TRIM(CLEAN(D82:D1081))) -> Female | S82: =TRIM(CLEAN(E82:E1081)) -> Marketing | T82: =TRIM(CLEAN(F82:F1081)) -> Clerk | U82: 43195 | V82: C | X82: =IF( OR(TRIM(W82)="",LOWER(W82)="nan"), "Email not provided", W82 ) -> Email not provided | Y82: =SUBSTITUTE(X82,"/",".") -> Email not provided | Z82: =IF(OR(TRIM(J82)="", LOWER(J82)="nan"), "Phone not provided", TRIM(J82)) -> 098-765-4321
A83: ivy | B83: 50 | C83: 55000 | D83: Other | E83: Sales | F83: Assistant | G83: 43800 | H83: F | J83: nan | M83: =PROPER(TRIM(CLEAN(A83:A1082))) -> Ivy | N83: 50 | O83: =IF(ISNUMBER(N83),N83,MEDIAN($N$2:$N$1001)) -> 50 | P83: 55000 | Q83: =IF(ISNUMBER(P83),P83,MEDIAN(P83:P1082)) -> 55000 | R83: =PROPER(TRIM(CLEAN(D83:D1082))) -> Other | S83: =TRIM(CLEAN(E83:E1082)) -> Sales | T83: =TRIM(CLEAN(F83:F1082)) -> Assistant | U83: 43800 | V83: F | X83: =IF( OR(TRIM(W83)="",LOWER(W83)="nan"), "Email not provided", W83 ) -> Email not provided | Y83: =SUBSTITUTE(X83,"/",".") -> Email not provided | Z83: =IF(OR(TRIM(J83)="", LOWER(J83)="nan"), "Phone not provided", TRIM(J83)) -> Phone not provided
A84: hannah | B84: nan | C84: 50000 | D84: Other | E84: Finance | F84: Manager | G84: 43881 | H84: D | I84: email@example/com | M84: =PROPER(TRIM(CLEAN(A84:A1083))) -> Hannah | N84: nan | O84: =IF(ISNUMBER(N84),N84,MEDIAN($N$2:$N$1001)) -> 35 | P84: 50000 | Q84: =IF(ISNUMBER(P84),P84,MEDIAN(P84:P1083)) -> 50000 | R84: =PROPER(TRIM(CLEAN(D84:D1083))) -> Other | S84: =TRIM(CLEAN(E84:E1083)) -> Finance | T84: =TRIM(CLEAN(F84:F1083)) -> Manager | U84: 43881 | V84: D | W84: email@example/com | X84: =IF( OR(TRIM(W84)="",LOWER(W84)="nan"), "Email not provided", W84 ) -> email@example/com | Y84: =SUBSTITUTE(X84,"/",".") -> email@example.com | Z84: =IF(OR(TRIM(J84)="", LOWER(J84)="nan"), "Phone not provided", TRIM(J84)) -> Phone not provided
A85: alice | B85: 40 | C85: 65000 | D85: Other | E85: Finance | F85: Assistant | G85: 43800 | H85: A | I85: email@example/com | M85: =PROPER(TRIM(CLEAN(A85:A1084))) -> Alice | N85: 40 | O85: =IF(ISNUMBER(N85),N85,MEDIAN($N$2:$N$1001)) -> 40 | P85: 65000 | Q85: =IF(ISNUMBER(P85),P85,MEDIAN(P85:P1084)) -> 65000 | R85: =PROPER(TRIM(CLEAN(D85:D1084))) -> Other | S85: =TRIM(CLEAN(E85:E1084)) -> Finance | T85: =TRIM(CLEAN(F85:F1084)) -> Assistant | U85: 43800 | V85: A | W85: email@example/com | X85: =IF( OR(TRIM(W85)="",LOWER(W85)="nan"), "Email not provided", W85 ) -> email@example/com | Y85: =SUBSTITUTE(X85,"/",".") -> email@example.com | Z85: =IF(OR(TRIM(J85)="", LOWER(J85)="nan"), "Phone not provided", TRIM(J85)) -> Phone not provided
A86: hannah | B86: 25 | C86: 70000 | D86: Female | E86: HR | F86: Analyst | G86: 43845 | H86: D | I86: email@example/com | J86: nan | M86: =PROPER(TRIM(CLEAN(A86:A1085))) -> Hannah | N86: 25 | O86: =IF(ISNUMBER(N86),N86,MEDIAN($N$2:$N$1001)) -> 25 | P86: 70000 | Q86: =IF(ISNUMBER(P86),P86,MEDIAN(P86:P1085)) -> 70000 | R86: =PROPER(TRIM(CLEAN(D86:D1085))) -> Female | S86: =TRIM(CLEAN(E86:E1085)) -> HR | T86: =TRIM(CLEAN(F86:F1085)) -> Analyst | U86: 43845 | V86: D | W86: email@example/com | X86: =IF( OR(TRIM(W86)="",LOWER(W86)="nan"), "Email not provided", W86 ) -> email@example/com | Y86: =SUBSTITUTE(X86,"/",".") -> email@example.com | Z86: =IF(OR(TRIM(J86)="", LOWER(J86)="nan"), "Phone not provided", TRIM(J86)) -> Phone not provided
A87: hannah | B87: 25 | C87: 55000 | D87: Male | E87: Finance | F87: Assistant | G87: 43845 | H87: F | J87: 098-765-4321 | M87: =PROPER(TRIM(CLEAN(A87:A1086))) -> Hannah | N87: 25 | O87: =IF(ISNUMBER(N87),N87,MEDIAN($N$2:$N$1001)) -> 25 | P87: 55000 | Q87: =IF(ISNUMBER(P87),P87,MEDIAN(P87:P1086)) -> 55000 | R87: =PROPER(TRIM(CLEAN(D87:D1086))) -> Male | S87: =TRIM(CLEAN(E87:E1086)) -> Finance | T87: =TRIM(CLEAN(F87:F1086)) -> Assistant | U87: 43845 | V87: F | X87: =IF( OR(TRIM(W87)="",LOWER(W87)="nan"), "Email not provided", W87 ) -> Email not provided | Y87: =SUBSTITUTE(X87,"/",".") -> Email not provided | Z87: =IF(OR(TRIM(J87)="", LOWER(J87)="nan"), "Phone not provided", TRIM(J87)) -> 098-765-4321
A88: charlie | B88: 40 | C88: 70000 | D88: Male | E88: IT | F88: Director | G88: 43845 | H88: D | I88: email@example/com | J88: 123-456-7890 | M88: =PROPER(TRIM(CLEAN(A88:A1087))) -> Charlie | N88: 40 | O88: =IF(ISNUMBER(N88),N88,MEDIAN($N$2:$N$1001)) -> 40 | P88: 70000 | Q88: =IF(ISNUMBER(P88),P88,MEDIAN(P88:P1087)) -> 70000 | R88: =PROPER(TRIM(CLEAN(D88:D1087))) -> Male | S88: =TRIM(CLEAN(E88:E1087)) -> IT | T88: =TRIM(CLEAN(F88:F1087)) -> Director | U88: 43845 | V88: D | W88: email@example/com | X88: =IF( OR(TRIM(W88)="",LOWER(W88)="nan"), "Email not provided", W88 ) -> email@example/com | Y88: =SUBSTITUTE(X88,"/",".") -> email@example.com | Z88: =IF(OR(TRIM(J88)="", LOWER(J88)="nan"), "Phone not provided", TRIM(J88)) -> 123-456-7890
A89: alice | B89: 50 | C89: 65000 | D89: Other | E89: HR | F89: Assistant | G89: 43549 | H89: C | I89: email@example/com | J89: 555-555-5555 | M89: =PROPER(TRIM(CLEAN(A89:A1088))) -> Alice | N89: 50 | O89: =IF(ISNUMBER(N89),N89,MEDIAN($N$2:$N$1001)) -> 50 | P89: 65000 | Q89: =IF(ISNUMBER(P89),P89,MEDIAN(P89:P1088)) -> 65000 | R89: =PROPER(TRIM(CLEAN(D89:D1088))) -> Other | S89: =TRIM(CLEAN(E89:E1088)) -> HR | T89: =TRIM(CLEAN(F89:F1088)) -> Assistant | U89: 43549 | V89: C | W89: email@example/com | X89: =IF( OR(TRIM(W89)="",LOWER(W89)="nan"), "Email not provided", W89 ) -> email@example/com | Y89: =SUBSTITUTE(X89,"/",".") -> email@example.com | Z89: =IF(OR(TRIM(J89)="", LOWER(J89)="nan"), "Phone not provided", TRIM(J89)) -> 555-555-5555
A90: hannah | B90: 35 | C90: 65000 | D90: Other | E90: IT | F90: Manager | G90: 43549 | H90: B | I90: name@company/org | M90: =PROPER(TRIM(CLEAN(A90:A1089))) -> Hannah | N90: 35 | O90: =IF(ISNUMBER(N90),N90,MEDIAN($N$2:$N$1001)) -> 35 | P90: 65000 | Q90: =IF(ISNUMBER(P90),P90,MEDIAN(P90:P1089)) -> 65000 | R90: =PROPER(TRIM(CLEAN(D90:D1089))) -> Other | S90: =TRIM(CLEAN(E90:E1089)) -> IT | T90: =TRIM(CLEAN(F90:F1089)) -> Manager | U90: 43549 | V90: B | W90: name@company/org | X90: =IF( OR(TRIM(W90)="",LOWER(W90)="nan"), "Email not provided", W90 ) -> name@company/org | Y90: =SUBSTITUTE(X90,"/",".") -> name@company.org | Z90: =IF(OR(TRIM(J90)="", LOWER(J90)="nan"), "Phone not provided", TRIM(J90)) -> Phone not provided
A91: charlie | B91: 35 | C91: 60000 | D91: Other | E91: Sales | F91: Manager | G91: 43549 | H91: B | I91: email@example/com | J91: 555-555-5555 | M91: =PROPER(TRIM(CLEAN(A91:A1090))) -> Charlie | N91: 35 | O91: =IF(ISNUMBER(N91),N91,MEDIAN($N$2:$N$1001)) -> 35 | P91: 60000 | Q91: =IF(ISNUMBER(P91),P91,MEDIAN(P91:P1090)) -> 60000 | R91: =PROPER(TRIM(CLEAN(D91:D1090))) -> Other | S91: =TRIM(CLEAN(E91:E1090)) -> Sales | T91: =TRIM(CLEAN(F91:F1090)) -> Manager | U91: 43549 | V91: B | W91: email@example/com | X91: =IF( OR(TRIM(W91)="",LOWER(W91)="nan"), "Email not provided", W91 ) -> email@example/com | Y91: =SUBSTITUTE(X91,"/",".") -> email@example.com | Z91: =IF(OR(TRIM(J91)="", LOWER(J91)="nan"), "Phone not provided", TRIM(J91)) -> 555-555-5555
A92: charlie | B92: 35 | C92: NAN | D92: Other | E92: Marketing | F92: Assistant | G92: 43800 | H92: F | I92: user@domain/com | J92: 123-456-7890 | M92: =PROPER(TRIM(CLEAN(A92:A1091))) -> Charlie | N92: 35 | O92: =IF(ISNUMBER(N92),N92,MEDIAN($N$2:$N$1001)) -> 35 | P92: NAN | Q92: =IF(ISNUMBER(P92),P92,MEDIAN(P92:P1091)) -> 60000 | R92: =PROPER(TRIM(CLEAN(D92:D1091))) -> Other | S92: =TRIM(CLEAN(E92:E1091)) -> Marketing | T92: =TRIM(CLEAN(F92:F1091)) -> Assistant | U92: 43800 | V92: F | W92: user@domain/com | X92: =IF( OR(TRIM(W92)="",LOWER(W92)="nan"), "Email not provided", W92 ) -> user@domain/com | Y92: =SUBSTITUTE(X92,"/",".") -> user@domain.com | Z92: =IF(OR(TRIM(J92)="", LOWER(J92)="nan"), "Phone not provided", TRIM(J92)) -> 123-456-7890
A93: alice | B93: 50 | C93: NAN | D93: Female | E93: Sales | F93: Manager | G93: 43549 | H93: B | M93: =PROPER(TRIM(CLEAN(A93:A1092))) -> Alice | N93: 50 | O93: =IF(ISNUMBER(N93),N93,MEDIAN($N$2:$N$1001)) -> 50 | P93: NAN | Q93: =IF(ISNUMBER(P93),P93,MEDIAN(P93:P1092)) -> 60000 | R93: =PROPER(TRIM(CLEAN(D93:D1092))) -> Female | S93: =TRIM(CLEAN(E93:E1092)) -> Sales | T93: =TRIM(CLEAN(F93:F1092)) -> Manager | U93: 43549 | V93: B | X93: =IF( OR(TRIM(W93)="",LOWER(W93)="nan"), "Email not provided", W93 ) -> Email not provided | Y93: =SUBSTITUTE(X93,"/",".") -> Email not provided | Z93: =IF(OR(TRIM(J93)="", LOWER(J93)="nan"), "Phone not provided", TRIM(J93)) -> Phone not provided
A94: eve | B94: 50 | C94: 55000 | D94: Male | E94: Marketing | F94: Manager | G94: 43881 | H94: B | I94: nan | J94: 555-555-5555 | M94: =PROPER(TRIM(CLEAN(A94:A1093))) -> Eve | N94: 50 | O94: =IF(ISNUMBER(N94),N94,MEDIAN($N$2:$N$1001)) -> 50 | P94: 55000 | Q94: =IF(ISNUMBER(P94),P94,MEDIAN(P94:P1093)) -> 55000 | R94: =PROPER(TRIM(CLEAN(D94:D1093))) -> Male | S94: =TRIM(CLEAN(E94:E1093)) -> Marketing | T94: =TRIM(CLEAN(F94:F1093)) -> Manager | U94: 43881 | V94: B | W94: nan | X94: =IF( OR(TRIM(W94)="",LOWER(W94)="nan"), "Email not provided", W94 ) -> Email not provided | Y94: =SUBSTITUTE(X94,"/",".") -> Email not provided | Z94: =IF(OR(TRIM(J94)="", LOWER(J94)="nan"), "Phone not provided", TRIM(J94)) -> 555-555-5555
A95: jack | B95: 40 | C95: 65000 | D95: Other | E95: Sales | F95: Assistant | G95: 43845 | H95: A | I95: name@company/org | J95: 123-456-7890 | M95: =PROPER(TRIM(CLEAN(A95:A1094))) -> Jack | N95: 40 | O95: =IF(ISNUMBER(N95),N95,MEDIAN($N$2:$N$1001)) -> 40 | P95: 65000 | Q95: =IF(ISNUMBER(P95),P95,MEDIAN(P95:P1094)) -> 65000 | R95: =PROPER(TRIM(CLEAN(D95:D1094))) -> Other | S95: =TRIM(CLEAN(E95:E1094)) -> Sales | T95: =TRIM(CLEAN(F95:F1094)) -> Assistant | U95: 43845 | V95: A | W95: name@company/org | X95: =IF( OR(TRIM(W95)="",LOWER(W95)="nan"), "Email not provided", W95 ) -> name@company/org | Y95: =SUBSTITUTE(X95,"/",".") -> name@company.org | Z95: =IF(OR(TRIM(J95)="", LOWER(J95)="nan"), "Phone not provided", TRIM(J95)) -> 123-456-7890
A96: grace | B96: 25 | C96: 60000 | D96: Female | E96: Finance | F96: Clerk | G96: 43800 | H96: F | J96: 555-555-5555 | M96: =PROPER(TRIM(CLEAN(A96:A1095))) -> Grace | N96: 25 | O96: =IF(ISNUMBER(N96),N96,MEDIAN($N$2:$N$1001)) -> 25 | P96: 60000 | Q96: =IF(ISNUMBER(P96),P96,MEDIAN(P96:P1095)) -> 60000 | R96: =PROPER(TRIM(CLEAN(D96:D1095))) -> Female | S96: =TRIM(CLEAN(E96:E1095)) -> Finance | T96: =TRIM(CLEAN(F96:F1095)) -> Clerk | U96: 43800 | V96: F | X96: =IF( OR(TRIM(W96)="",LOWER(W96)="nan"), "Email not provided", W96 ) -> Email not provided | Y96: =SUBSTITUTE(X96,"/",".") -> Email not provided | Z96: =IF(OR(TRIM(J96)="", LOWER(J96)="nan"), "Phone not provided", TRIM(J96)) -> 555-555-5555
A97: jack | B97: 40 | C97: 60000 | D97: Other | E97: IT | F97: Clerk | G97: 43845 | H97: F | J97: 098-765-4321 | M97: =PROPER(TRIM(CLEAN(A97:A1096))) -> Jack | N97: 40 | O97: =IF(ISNUMBER(N97),N97,MEDIAN($N$2:$N$1001)) -> 40 | P97: 60000 | Q97: =IF(ISNUMBER(P97),P97,MEDIAN(P97:P1096)) -> 60000 | R97: =PROPER(TRIM(CLEAN(D97:D1096))) -> Other | S97: =TRIM(CLEAN(E97:E1096)) -> IT | T97: =TRIM(CLEAN(F97:F1096)) -> Clerk | U97: 43845 | V97: F | X97: =IF( OR(TRIM(W97)="",LOWER(W97)="nan"), "Email not provided", W97 ) -> Email not provided | Y97: =SUBSTITUTE(X97,"/",".") -> Email not provided | Z97: =IF(OR(TRIM(J97)="", LOWER(J97)="nan"), "Phone not provided", TRIM(J97)) -> 098-765-4321
A98: ivy | B98: 40 | C98: 70000 | D98: Other | E98: Marketing | F98: Analyst | G98: 43549 | H98: B | I98: user@domain/com | J98: 123-456-7890 | M98: =PROPER(TRIM(CLEAN(A98:A1097))) -> Ivy | N98: 40 | O98: =IF(ISNUMBER(N98),N98,MEDIAN($N$2:$N$1001)) -> 40 | P98: 70000 | Q98: =IF(ISNUMBER(P98),P98,MEDIAN(P98:P1097)) -> 70000 | R98: =PROPER(TRIM(CLEAN(D98:D1097))) -> Other | S98: =TRIM(CLEAN(E98:E1097)) -> Marketing | T98: =TRIM(CLEAN(F98:F1097)) -> Analyst | U98: 43549 | V98: B | W98: user@domain/com | X98: =IF( OR(TRIM(W98)="",LOWER(W98)="nan"), "Email not provided", W98 ) -> user@domain/com | Y98: =SUBSTITUTE(X98,"/",".") -> user@domain.com | Z98: =IF(OR(TRIM(J98)="", LOWER(J98)="nan"), "Phone not provided", TRIM(J98)) -> 123-456-7890
A99: grace | B99: 50 | C99: 70000 | D99: Male | E99: HR | F99: Manager | G99: 43800 | H99: B | I99: email@example/com | J99: 555-555-5555 | M99: =PROPER(TRIM(CLEAN(A99:A1098))) -> Grace | N99: 50 | O99: =IF(ISNUMBER(N99),N99,MEDIAN($N$2:$N$1001)) -> 50 | P99: 70000 | Q99: =IF(ISNUMBER(P99),P99,MEDIAN(P99:P1098)) -> 70000 | R99: =PROPER(TRIM(CLEAN(D99:D1098))) -> Male | S99: =TRIM(CLEAN(E99:E1098)) -> HR | T99: =TRIM(CLEAN(F99:F1098)) -> Manager | U99: 43800 | V99: B | W99: email@example/com | X99: =IF( OR(TRIM(W99)="",LOWER(W99)="nan"), "Email not provided", W99 ) -> email@example/com | Y99: =SUBSTITUTE(X99,"/",".") -> email@example.com | Z99: =IF(OR(TRIM(J99)="", LOWER(J99)="nan"), "Phone not provided", TRIM(J99)) -> 555-555-5555
A100: ivy | B100: 35 | C100: 60000 | D100: Other | E100: IT | F100: Assistant | G100: 43195 | H100: B | I100: user@domain/com | J100: 098-765-4321 | M100: =PROPER(TRIM(CLEAN(A100:A1099))) -> Ivy | N100: 35 | O100: =IF(ISNUMBER(N100),N100,MEDIAN($N$2:$N$1001)) -> 35 | P100: 60000 | Q100: =IF(ISNUMBER(P100),P100,MEDIAN(P100:P1099)) -> 60000 | R100: =PROPER(TRIM(CLEAN(D100:D1099))) -> Other | S100: =TRIM(CLEAN(E100:E1099)) -> IT | T100: =TRIM(CLEAN(F100:F1099)) -> Assistant | U100: 43195 | V100: B | W100: user@domain/com | X100: =IF( OR(TRIM(W100)="",LOWER(W100)="nan"), "Email not provided", W100 ) -> user@domain/com | Y100: =SUBSTITUTE(X100,"/",".") -> user@domain.com | Z100: =IF(OR(TRIM(J100)="", LOWER(J100)="nan"), "Phone not provided", TRIM(J100)) -> 098-765-4321
...

Sheet Cleaned_Dataset
A1: Name_cleaned | B1: age_cleaned | C1: Salary_cleaned | D1: Gender_cleaned | E1: Dept_cleaned | F1: Position_cleaned | G1: Joining Date_cleaned | H1: Performance Score_cleaned | I1: Email_cleaned | J1: Phone_cleaned | K1: Experience_Years(Calculated) | L1: Salary_Band(calculated) | M1: Performance_Category(calculated)
A2: =Data_preprocessing!M2 -> Grace | B2: =Data_preprocessing!O2 -> 25 | C2: =Data_preprocessing!Q2 -> 50000 | D2: =Data_preprocessing!R2 -> Male | E2: =Data_preprocessing!S2 -> HR | F2: =Data_preprocessing!T2 -> Manager | G2: =Data_preprocessing!U2 -> 43195 | H2: =Data_preprocessing!V2 -> D | I2: =Data_preprocessing!Y2 -> email@example.com | J2: =Data_preprocessing!Z2 -> Phone not provided | K2: =DATEDIF(G2,TODAY(),"Y") -> 7 | L2: =IF(C2<60000,"Low",IF(C2<65000,"Medium","High")) -> Low | M2: =IF(H2="A","Excellent",IF(H2="B","Good",IF(H2="C","Average",IF(H2="D","Below Average","Poor")))) -> Below Average
A3: =Data_preprocessing!M3 -> David | B3: =Data_preprocessing!O3 -> 35 | C3: =Data_preprocessing!Q3 -> 65000 | D3: =Data_preprocessing!R3 -> Female | E3: =Data_preprocessing!S3 -> Finance | F3: =Data_preprocessing!T3 -> Director | G3: =Data_preprocessing!U3 -> 43881 | H3: =Data_preprocessing!V3 -> F | I3: =Data_preprocessing!Y3 -> user@domain.com | J3: =Data_preprocessing!Z3 -> 123-456-7890 | K3: =DATEDIF(G3,TODAY(),"Y") -> 5 | L3: =IF(C3<60000,"Low",IF(C3<65000,"Medium","High")) -> High | M3: =IF(H3="A","Excellent",IF(H3="B","Good",IF(H3="C","Average",IF(H3="D","Below Average","Poor")))) -> Poor
A4: =Data_preprocessing!M4 -> Hannah | B4: =Data_preprocessing!O4 -> 35 | C4: =Data_preprocessing!Q4 -> 60000 | D4: =Data_preprocessing!R4 -> Female | E4: =Data_preprocessing!S4 -> Sales | F4: =Data_preprocessing!T4 -> Director | G4: =Data_preprocessing!U4 -> 43845 | H4: =Data_preprocessing!V4 -> C | I4: =Data_preprocessing!Y4 -> email@example.com | J4: =Data_preprocessing!Z4 -> 098-765-4321 | K4: =DATEDIF(G4,TODAY(),"Y") -> 6 | L4: =IF(C4<60000,"Low",IF(C4<65000,"Medium","High")) -> Medium | M4: =IF(H4="A","Excellent",IF(H4="B","Good",IF(H4="C","Average",IF(H4="D","Below Average","Poor")))) -> Average
A5: =Data_preprocessing!M5 -> Eve | B5: =Data_preprocessing!O5 -> 35 | C5: =Data_preprocessing!Q5 -> 50000 | D5: =Data_preprocessing!R5 -> Female | E5: =Data_preprocessing!S5 -> IT | F5: =Data_preprocessing!T5 -> Manager | G5: =Data_preprocessing!U5 -> 43195 | H5: =Data_preprocessing!V5 -> A | I5: =Data_preprocessing!Y5 -> name@company.org | J5: =Data_preprocessing!Z5 -> Phone not provided | K5: =DATEDIF(G5,TODAY(),"Y") -> 7 | L5: =IF(C5<60000,"Low",IF(C5<65000,"Medium","High")) -> Low | M5: =IF(H5="A","Excellent",IF(H5="B","Good",IF(H5="C","Average",IF(H5="D","Below Average","Poor")))) -> Excellent
A6: =Data_preprocessing!M6 -> Grace | B6: =Data_preprocessing!O6 -> 35 | C6: =Data_preprocessing!Q6 -> 60000 | D6: =Data_preprocessing!R6 -> Female | E6: =Data_preprocessing!S6 -> Finance | F6: =Data_preprocessing!T6 -> Manager | G6: =Data_preprocessing!U6 -> 43845 | H6: =Data_preprocessing!V6 -> F | I6: =Data_preprocessing!Y6 -> name@company.org | J6: =Data_preprocessing!Z6 -> 098-765-4321 | K6: =DATEDIF(G6,TODAY(),"Y") -> 6 | L6: =IF(C6<60000,"Low",IF(C6<65000,"Medium","High")) -> Medium | M6: =IF(H6="A","Excellent",IF(H6="B","Good",IF(H6="C","Average",IF(H6="D","Below Average","Poor")))) -> Poor
A7: =Data_preprocessing!M7 -> Jack | B7: =Data_preprocessing!O7 -> 35 | C7: =Data_preprocessing!Q7 -> 65000 | D7: =Data_preprocessing!R7 -> Other | E7: =Data_preprocessing!S7 -> Marketing | F7: =Data_preprocessing!T7 -> Director | G7: =Data_preprocessing!U7 -> 43549 | H7: =Data_preprocessing!V7 -> F | I7: =Data_preprocessing!Y7 -> user@domain.com | J7: =Data_preprocessing!Z7 -> Phone not provided | K7: =DATEDIF(G7,TODAY(),"Y") -> 6 | L7: =IF(C7<60000,"Low",IF(C7<65000,"Medium","High")) -> High | M7: =IF(H7="A","Excellent",IF(H7="B","Good",IF(H7="C","Average",IF(H7="D","Below Average","Poor")))) -> Poor
A8: =Data_preprocessing!M8 -> Charlie | B8: =Data_preprocessing!O8 -> 35 | C8: =Data_preprocessing!Q8 -> 50000 | D8: =Data_preprocessing!R8 -> Male | E8: =Data_preprocessing!S8 -> Marketing | F8: =Data_preprocessing!T8 -> Clerk | G8: =Data_preprocessing!U8 -> 43800 | H8: =Data_preprocessing!V8 -> B | I8: =Data_preprocessing!Y8 -> Email not provided | J8: =Data_preprocessing!Z8 -> 123-456-7890 | K8: =DATEDIF(G8,TODAY(),"Y") -> 6 | L8: =IF(C8<60000,"Low",IF(C8<65000,"Medium","High")) -> Low | M8: =IF(H8="A","Excellent",IF(H8="B","Good",IF(H8="C","Average",IF(H8="D","Below Average","Poor")))) -> Good
A9: =Data_preprocessing!M9 -> Grace | B9: =Data_preprocessing!O9 -> 40 | C9: =Data_preprocessing!Q9 -> 50000 | D9: =Data_preprocessing!R9 -> Other | E9: =Data_preprocessing!S9 -> HR | F9: =Data_preprocessing!T9 -> Director | G9: =Data_preprocessing!U9 -> 43549 | H9: =Data_preprocessing!V9 -> C | I9: =Data_preprocessing!Y9 -> Email not provided | J9: =Data_preprocessing!Z9 -> Phone not provided | K9: =DATEDIF(G9,TODAY(),"Y") -> 6 | L9: =IF(C9<60000,"Low",IF(C9<65000,"Medium","High")) -> Low | M9: =IF(H9="A","Excellent",IF(H9="B","Good",IF(H9="C","Average",IF(H9="D","Below Average","Poor")))) -> Average
A10: =Data_preprocessing!M10 -> Hannah | B10: =Data_preprocessing!O10 -> 40 | C10: =Data_preprocessing!Q10 -> 60000 | D10: =Data_preprocessing!R10 -> Female | E10: =Data_preprocessing!S10 -> Marketing | F10: =Data_preprocessing!T10 -> Manager | G10: =Data_preprocessing!U10 -> 43845 | H10: =Data_preprocessing!V10 -> C | I10: =Data_preprocessing!Y10 -> user@domain.com | J10: =Data_preprocessing!Z10 -> 123-456-7890 | K10: =DATEDIF(G10,TODAY(),"Y") -> 6 | L10: =IF(C10<60000,"Low",IF(C10<65000,"Medium","High")) -> Medium | M10: =IF(H10="A","Excellent",IF(H10="B","Good",IF(H10="C","Average",IF(H10="D","Below Average","Poor")))) -> Average
A11: =Data_preprocessing!M11 -> Eve | B11: =Data_preprocessing!O11 -> 30 | C11: =Data_preprocessing!Q11 -> 60000 | D11: =Data_preprocessing!R11 -> Other | E11: =Data_preprocessing!S11 -> Finance | F11: =Data_preprocessing!T11 -> Assistant | G11: =Data_preprocessing!U11 -> 43881 | H11: =Data_preprocessing!V11 -> A | I11: =Data_preprocessing!Y11 -> Email not provided | J11: =Data_preprocessing!Z11 -> Phone not provided | K11: =DATEDIF(G11,TODAY(),"Y") -> 5 | L11: =IF(C11<60000,"Low",IF(C11<65000,"Medium","High")) -> Medium | M11: =IF(H11="A","Excellent",IF(H11="B","Good",IF(H11="C","Average",IF(H11="D","Below Average","Poor")))) -> Excellent
A12: =Data_preprocessing!M12 -> David | B12: =Data_preprocessing!O12 -> 25 | C12: =Data_preprocessing!Q12 -> 70000 | D12: =Data_preprocessing!R12 -> Male | E12: =Data_preprocessing!S12 -> Marketing | F12: =Data_preprocessing!T12 -> Analyst | G12: =Data_preprocessing!U12 -> 43800 | H12: =Data_preprocessing!V12 -> B | I12: =Data_preprocessing!Y12 -> Email not provided | J12: =Data_preprocessing!Z12 -> 123-456-7890 | K12: =DATEDIF(G12,TODAY(),"Y") -> 6 | L12: =IF(C12<60000,"Low",IF(C12<65000,"Medium","High")) -> High | M12: =IF(H12="A","Excellent",IF(H12="B","Good",IF(H12="C","Average",IF(H12="D","Below Average","Poor")))) -> Good
A13: =Data_preprocessing!M13 -> Hannah | B13: =Data_preprocessing!O13 -> 35 | C13: =Data_preprocessing!Q13 -> 70000 | D13: =Data_preprocessing!R13 -> Other | E13: =Data_preprocessing!S13 -> Finance | F13: =Data_preprocessing!T13 -> Assistant | G13: =Data_preprocessing!U13 -> 43549 | H13: =Data_preprocessing!V13 -> A | I13: =Data_preprocessing!Y13 -> Email not provided | J13: =Data_preprocessing!Z13 -> Phone not provided | K13: =DATEDIF(G13,TODAY(),"Y") -> 6 | L13: =IF(C13<60000,"Low",IF(C13<65000,"Medium","High")) -> High | M13: =IF(H13="A","Excellent",IF(H13="B","Good",IF(H13="C","Average",IF(H13="D","Below Average","Poor")))) -> Excellent
... A1001: =Data_preprocessing!M1001 -> Ivy | B1001: =Data_preprocessing!O1001 -> 30 | C1001: =Data_preprocessing!Q1001 -> 60000 | D1001: =Data_preprocessing!R1001 -> Male | E1001: =Data_preprocessing!S1001 -> Finance | F1001: =Data_preprocessing!T1001 -> Manager | G1001: =Data_preprocessing!U1001 -> 43881 | H1001: =Data_preprocessing!V1001 -> C | I1001: =Data_preprocessing!Y1001 -> user@domain.com | J1001: =Data_preprocessing!Z1001 -> 123-456-7890 | K1001: =DATEDIF(G1001,TODAY(),"Y") -> 5 | L1001: =IF(C1001<60000,"Low",IF(C1001<65000,"Medium","High")) -> Medium | M1001: =IF(H1001="A","Excellent",IF(H1001="B","Good",IF(H1001="C","Average",IF(H1001="D","Below Average","Poor")))) -> Average

Sheet Pivot tables
A2: Gender Distribution by Department | G2: Average Salary by Department | J2: Performance Category by department
A3: Count of Name_cleaned | B3: Column Labels | G3: Row Labels | H3: Average of Salary_cleaned | J3: Count of Name_cleaned | K3: Column Labels
A4: Row Labels | B4: Female | C4: Male | D4: Other | E4: Grand Total | G4: Finance | H4: 59977.064 | J4: Row Labels | K4: Average | L4: Below Average | M4: Excellent | N4: Good | O4: Poor | P4: Grand Total
A5: Finance | B5: 60 | C5: 74 | D5: 84 | E5: 218 | G5: HR | H5: 60225 | J5: Finance | K5: 37 | L5: 44 | M5: 40 | N5: 49 | O5: 48 | P5: 218
A6: HR | B6: 64 | C6: 74 | D6: 62 | E6: 200 | G6: IT | H6: 59792.746 | J6: HR | K6: 48 | L6: 38 | M6: 33 | N6: 40 | O6: 41 | P6: 200
A7: IT | B7: 57 | C7: 73 | D7: 63 | E7: 193 | G7: Marketing | H7: 60053.476 | J7: IT | K7: 40 | L7: 34 | M7: 40 | N7: 47 | O7: 32 | P7: 193
A8: Marketing | B8: 61 | C8: 66 | D8: 60 | E8: 187 | G8: Sales | H8: 60841.584 | J8: Marketing | K8: 35 | L8: 35 | M8: 41 | N8: 46 | O8: 30 | P8: 187
A9: Sales | B9: 71 | C9: 68 | D9: 63 | E9: 202 | G9: Grand Total | H9: 60180 | J9: Sales | K9: 32 | L9: 39 | M9: 38 | N9: 43 | O9: 50 | P9: 202
A10: Grand Total | B10: 313 | C10: 355 | D10: 332 | E10: 1000 | J10: Grand Total | K10: 192 | L10: 190 | M10: 192 | N10: 225 | O10: 201 | P10: 1000
